ID,Название (Title):,Описание( Summary):,Приоритет (Priority),Предусловия (Preconditions),Шаги (Steps to reproduce):,Ожидаемый результат (Expected result):,Фактический результат,Совпадение ожидаемого результата с фактическим да  / нет  ,Отметка о покрытии (если есть) / причина почему не может быть покрыт,Мой комментарий/вопрос,Комментарий руководителя
Авторизация в приложении/Выход из приложения,,,,,,,,,,,
1A,"Авторизация в приложении ""Мобильный хоспис""",Вход в приложение раннее зарегестрированного пользователя с помощью логина и пароля,Высокий,"Открыта страница авторизации приложения  ""Мобильный хоспис"" : Authorization
Открыта страница авторизации приложения  ""Мобильный хоспис"" : Authorization","- Заполнить поле логин
- Заполнить поле пароль
- Кликнуть ok","-  Поле логин принимает значение
- Поле пароль принимает значение
- Происходит переход на главную страницу приложения","- Происходит переход на главную страницу приложения
- Поле пароль принимает значение
- Происходит переход на главную страницу приложения",да,Покрыт ручным тестом. Может быть автоматизирован,,
1B,Выход из приложения,Выход из приложения раннее зарегестрированного пользователя,Высокий,"- Пользователь авторизован в приложении
- на главном экране открыта любая странмца, ни которой есть верхняя панель управления
- Видна верхняя панель приложения
- Отображается значок входа/выхода из приложения (иконка с человечком)

","- Кликнуть на кнопку входа/выхода из приложения
- Появляется выпадающая панель с надписью Log out
- Кликнуть Log out ","- Появилась выпадающая панель с надписью Log out
- Произошел выход из приложения","- Появилась выпадающая панель с надписью Log out
- Произошел выход из приложения",да,Покрыт ручным тестом. Может быть автоматизирован,,
Переход со страницы Main на страницу News,,,,,,,,,,,
1-M-1,Переход на страницу News c главной страницы приложения Main,Пользователь может  передти к списку новостей. Весь список и содержимое списка отображаются корректно.,Высокий,"1. Пользователь авторизован в приложении. 
2. Приложение открыто на главном экране. 
3. В системе есть хотя бы одна новость",- На главном экране приложения кликнуть кнопку ALL NEWS,"- Открылась страница News
- В основной области страницы отображаются карточки  с заголовками и датами новостей","- Открылась страница News
- В основной области страницы отображаются карточки  с заголовками и датами новостей",да,Покрыт ручным тестом. Может быть автоматизирован,,
MN (Main News) Чтение новостей на странице Main,,,,,,,,,,,
1-MN-1,Просмотр первой новости на странице Main через выпадающий список,Кликнуть по первой (сверху) карточке с заголовкрм  новости - открывается выбранная новость в режиме для чтения. Весь текст и содержимое новости отображаются корректно.,Высокий,"- Пользователь авторизован в приложении. 
- Приложение открыто на главном экране.
- Открыта страница Main  
- Открыт список последних новостей.
- В системе есть хотя бы одна новость
",1. Кликнуть по первой (сверху) карточке с заголовком новости,1. Открылся текст новости для чтени,1 Открылся текст новости для чтени,да,Покрыт ручным тестом. Может быть автоматизирован,,
1-MN-2,Просмотр последней (сверху) новости на странице Main через выпадающий список,Кликнуть по последней (сверху) карточке с заголовком  новости - открывается выбранная новость в режиме для чтения. Весь текст и содержимое новости отображаются корректно.,Высокий,"- Пользователь авторизован в приложении. 
- Приложение открыто на главном экране.
- Открыта страница Main 
- Открыт список последних новостей.
- В системе есть хотя бы две новости",1.  Кликнуть по последней (сверху) карточке с заголовком новости,1. Открылся текст новости для чтения,1. Открылся текст новости для чтения,да,Покрыт ручным тестом. Может быть автоматизирован,,
1-MN-3,Закрытие текста первой (сверху) новости на странице Main после просмотра,Кликнуть по первой (сверху) карточке с текстом  новости - текст новости сворачивается,Средний,"- Пользователь авторизован в приложении. 
-  Приложение открыто на главном экране.
-  Открыта страница Main  
-  Открыт список последних новостей
- Открыт текст первой (сверху) новости
-  В системе есть хотя бы одна новость",1. Кликнуть по отрытой карточке с текстом новости,"1. Текст новости закрылся, отображается панель с заголовком новости","1. Текст новости закрылся, отображается панель с заголовком новост",да,Покрыт ручным тестом. Может быть автоматизирован,,
1-MN-4,Закрытие текста последней (сверху) новости на странице Main после просмотра,Кликнуть по последней (сверху) карточке с текстом  новости - текст новости сворачивается,Средний,"-  Пользователь авторизован в приложении. 
-  Приложение открыто на главном экране.
-  Открыта страница Main 
-  Открыт список последних новостей
- Открыт текст последней (сверху) новости
-  В системе есть хотя бы две новости
",1. Кликнуть по отрытой карточке с текстом новости,"1. Текст новости закрылся, отображается панель с заголовком новост","1. Текст новости закрылся, отображается панель с заголовком новост",да,Покрыт ручным тестом. Может быть автоматизирован,,
Страница News,,,,,,,,,,,
1-NN-1,"Переход на страницу News через верхнюю панель, иконку с тремя полосками",Один из способов перехода на страницу News,Высокий,"-  Пользователь авторизован в приложении. 
-  Приложение открыто на главном экране.
-  Открыта страница Main 
","- В верхней панели приложения кликнуть по иконке с тремя полосками
- В раскрывшемся меню выбрать пункт News","- в основной области экрана отображается страница News
- в верхне части страницы News отображается название страницы (News) и панель управления с кнопками сортировки, фильтрации, создания/редактирования новостей
- в основной области страницы отображаются карточки  с заголовками и датами новостей","- в основной области экрана отображается страница News
- в верхне части страницы News отображается название страницы (News) и панель управления с кнопками сортировки, фильтрации, создания/редактирования новостей
- в основной области страницы отобража.тся карточки  с заголовками и датами новостей",да,Покрыт ручным тестом. Может быть автоматизирован,,
1-NN-2,"Переход на страницу News со страницы Main, через кнопку ALL NEWS",Один из способов перехода на страницу News,Высокий,"-  Пользователь авторизован в приложении. 
-  Приложение открыто на главном экране.
-  Открыта страница Main 
- Раскрыт выпадающий список c заголовками и датами новостей панели News
- видна кнопка ALL NEWS
",- Кликнуть кнопку с надписью ALL NEWS в основной области экрана,"- в основной области экрана отображается страница News
- в верхне части страницы News отображается название страницы (News) и панель управления с кнопками сортировки, фильтрации, создания/редактирования новостей
- в основной области страницы отобража.тся карточки  с заголовками и датами новостей","- в основной области экрана отображается страница News
- в верхне части страницы News отображается название страницы (News) и панель управления с кнопками сортировки, фильтрации, создания/редактирования новостей
- в основной области страницы отобража.тся карточки  с заголовками и датами новостей",да,Покрыт ручным тестом. Может быть автоматизирован,,
2-NNR (News News Read) Чтение новостей на странице News,,,,,,,,,,,
2-NNR-1,Чтение первой(сверху) новости из списка на странице News,Пользователь может читать выбранную новость,Высокий,"- Пользователь авторизован в приложении
- Приложение открыто на странице News
- На странице есть хотябы одна карточка с новостями
",1. Кликнуть по первой (сверху) карточке с заголовком новости,1. Открылся текст новости для чтения,1. Открылся текст новости для чтения,да,Покрыт ручным тестом. Может быть автоматизирован,,
2-NNR-2,Чтение второй(сверху) новости из списка на странице News,Пользователь может читать выбранную новость,Высокий,"- Пользователь авторизован в приложении
- Приложение открыто на странице News
-  На странице есть хотябы две карточки с новостями
",1. Кликнуть по второй (сверху) карточке с заголовком новости,1. Открылся текст новости для чтения,1. Открылся текст новости для чтения,да,Покрыт ручным тестом. Может быть автоматизирован,,
2-NNR-3,Чтение последней (сверху) новости из списка на странице News,Пользователь может читать выбранную новость,Высокий,"- Пользователь авторизован в приложении
- Приложение открыто на странице News
-  На странице есть хотябы две карточки с новостями
",1. Кликнуть по последней (сверху) карточке с заголовком новости,1. Открылся текст новости для чтения,1. Открылся текст новости для чтения,да,Покрыт ручным тестом. Может быть автоматизирован,,
2-NNR-4,Чтение предпоследней (сверху) новости из списка на странице News,Пользователь может читать выбранную новость,Высокий,"- Пользователь авторизован в приложении
- Приложение открыто на странице News
-  На странице есть хотябы две карточки с новостями
",1. Кликнуть по предпоследней (сверху) карточке с заголовком новости,1. Открылся текст новости для чтения,1. Открылся текст новости для чтения,да,Покрыт ручным тестом. Может быть автоматизирован,,
3-NNS (News News Sort) Сортировка новостей на странице News,,,,,,,,,,,
3-NNS-1,Работа кнопки сортировки при наличае двух и более новостей с разными датами,"Сортировка новостей может идти от более поздней даты создания к более ранней и наоборот - от более ранней к более поздней
",Высокий,"- Полльзователь авторизован в приложении
- Открыта страница News на основном экране
- Видна панель управления страницы News
- Новости расположены от более новых (по дате создания) к более старым (по дате создания)
","1. Кликнуть по кнопке сортировки новостей (стрелки вверх/вниз)  в панели управления страницы News
2. Повторно кликнуть по кнопке сортировки новостей (стрелки вверх/вниз)  в панели управления страницы News","1. Новости расположены от более старых (по дате создания) к более новым (по дате создания)
2. Новости расположены от более новых (по дате создания) к более старым (по дате создания)","1. Новости расположены от более старых (по дате создания) к более новым (по дате создания)
2. Новости расположены от более новых (по дате создания) к более старым (по дате создания)",да,Покрыт ручным тестом. Может быть автоматизирован,,
4-NNF (News News Filter) Фильтрация новостей на странице News,,,,,,,,,,,
4-NNF-1,Переход на страницу фильтрации новостей Filter news из панели управления страницы News,,\Высокий,"- Полльзователь авторизован в приложении
- Открыта страница News на основном экране
- Видна панель управления страницы News","1. Кликнуть по кнопке фильтрации новостей в панели управления страницы News (три горизонтальные полоски с кружками)
","1. Открывается страница Filter news. Отображаеттся панель Category, поле выбора начальной даты, поле выбора конечной даты, кнопка FILTER, кнопка Cancel ","1. Открывается страница Filter news. Отображаеттся панель Category, поле выбора начальной даты, поле выбора конечной даты, кнопка FILTER, кнопка Cancel",да,Покрыт ручным тестом. Может быть автоматизирован,,
4-NNF-2,Фильтрация новостей по категории без выбора дат,"Выбор новостей для фильтрации из категорий Объявление, День рождения, Зарплата, Профсоюз, Праздник, Массаж, Благодарность, Нужна помощь",Высокий,"- Полльзователь авторизован в приложении
- Открыта фильтрация новостей  Filter news со траницы News на основном экране
- Отображается поле Category, поле выбора начальной даты, поле выбора конечной даты, кнопка FILTER, кнопка Cancel 
","1. Кликнуть по полю Category
2. В раскрывшемся списке выбрать одну из категорий (пусть это будет Праздник)
3. Поле начальной даты оставитm пустым
4. Поле конечной даты оставить пустым
5. Кликнуть по кнопке FILTER","1. Отображается список новстей выбранной категории (например Праздник), если есть новости в выбранной категории. Если новостей в выбранной категории нет, появляется сообщение: There is nothing here yet... и кнопка REFRESH","1. Отображается список новстей выбранной категории (например Праздник), если есть новости в выбранной категории. Если новостей в выбранной категории нет, появляется сообщение: There is nothing here yet... и кнопка REFRESH",да,Покрыт ручным тестом. Может быть автоматизирован,,
5-NNС (News News Creating) Создание новостей на странице News,,,,,,,,,,,
5-NNC-1,Переход на страницу создания/редактирования новостей  Creating news из панели управления страницы News,,Высокий,"- Полльзователь авторизован в приложении
- Открыта страница News на основном экране
- Видна панель управления страницы News",1. В панели управления страницы News кликнуть по кнопке создания/редактирования новостей (иконка с изображением страницы и карандаша),"1. Открывается страница для создания,редактирования новостей.  В верхней части страницы находится Control panel c кнопками сортировки, фильтрации, создания новостей
2.  В основной области экрана расположены карточки новостей с иконками корзина, редактирование, указателем Active (Not active)","1. Открывается страница для создания,редактирования новостей.  В верхней части страницы находится Control panel c кнопками сортировки, фильтрации, создания новостей
2. В основной области экрана расположены карточки новостей с иконками корзина, редактирование, указателем Active (Not active)",да,Покрыт ручным тестом. Может быть автоматизирован,В верхней части страницы должно отображаться именно Control panel? Или это баг и там должно быть какое-то ещё  название?,
5-NNC-2,Переход на страницу создания новостей  Creating News из панели управления  Control panel страницы создания/редактирования новотей,,Высокий,"- Полльзователь авторизован в приложении
- Открыта страница создания/редактирования новостей на основном экране
- Видна панель управления страницы Control panel 
- Control panel содержит кнопки сортировки, фильтрации, создания новостей
- В основной области экрана расположены карточки новостей с кнопками: корзина, редактирование, открытия текста новости, указателем Active /(Not active)
",- В верхней панели Control panel кликнуть по кнопке создания новостей (кружок с плюсом внутри),"- На основном экране отображается страница Creating News
- Страница содержит поля Category, Title, Publication date, Time, Description, SAVE, CANCEL, кнопку переключения Active","- На основном экране отображается страница Creating News
- Страница содержит поля Category, Title, Publication date, Time, Description, SAVE, CANCE, кнопку переключения Active",да,Покрыт ручным тестом. Может быть автоматизирован,,
5-NNC-3,"Создание и отображение (сохранение) новости  на странице Control panel, все поля (Category, Title, Publication date, Time, Description) заполнены валидными значениями","Заполняются все обязательные поля, заполняются валидными значениями",Высокий,"- Полльзователь авторизован в приложении
- На основном экране открыта страница Creating News
- Страница содержит поля Category, Title, Publication date, Time, Description, SAVE, CANCEL, кнопку переключения Active","- Кликнуть по полю Category, в выпадающем списке выбрать категорию новости, например Объявление
- Поле Title заполнить 1-60 знакаками на кириллице, кликнуть Ok
- Кликнуть по полю Publication date, в открывшемся календаре выбрать текущую дату, подтвердить выбор кликнув Ok
-  Кликнуть по полю Time, в открывшемся Time Picker (Таймпикер) выбрать текущее время, подтвердить выбор, кликнув Ok
- Заполнить поле Description 1-2500 символами на кириллице
- Кликнуть по кнопке SAVE
-  Кликнуть по панели созданной новости","- Открылся выпадающий список, видны категории: Объявления, День рождения, Зарплата, Профсоюз, Праздник, Массаж, Благодарность, Нужна помощь
- Поле Category принимает значеник выбранной категории (Объявление)
- Поле Title принимает значение
- Поле Publication date принимает значение
- Поле Time принимает значение
- Поле Description принимает значение
- Происходит переход на страницу Control panel 
- В списке новостей отображается созданная новость. Значок категории, заголовок, дата публикации отображаются верно
-  Открывается текст новости для чтения, текст  отображается верно","- Открылся выпадающий список, видны категории: Объявления, День рождения, Зарплата, Профсоюз, Праздник, Массаж, Благодарность, Нужна помощь
- Поле Category принимает значеник выбранной категории (Объявление)
- Поле Title принимает значение
- Поле Publication date принимает значение
- Поле Time принимает значение
- Поле Description принимает значение
- Происходит переход на страницу Control panel
- В списке новостей отображается созданная новость. Значок категории, заголовок, дата публикации  отображаются верно
- Открывается текст новости для чтения, текст  отображается верно
",да,Покрыт ручным тестом. Может быть автоматизирован,"Возникли вопросы::

1. Есть ли какое-то ограничение по количеству вводимых символов в полях Title и Description? Получается, что я не могу проверить граничные значения, т.к. нет требований?

2. В карточке новости в режиме редактирования есть строчка Creation date - в ней отображается дата, не соответствующая действительности. Если я правильно поняла, я с этим пунктом никак не взаимодействую и мне не нало обращать на него внимание?",
5-NNC-4,"Попытка сохранения новости с выбранной категорией, но с незаполнеными обязательными полями  Ttle, Publication date, Time, Description","Выбрана только категория новости, все остальные поля остаются пустыми",Высокий,"- Полльзователь авторизован в приложении
- На основном экране открыта страница Creating News
- Страница содержит поля Category, Title, Publication date, Time, Description, SAVE, CANCEL, кнопку переключения Active","- Открылся выпадающий список, видны категории: Объявления, День рождения, Зарплата, Профсоюз, Праздник, Массаж, Благодарность, Нужна помощь
- Кликнуть по полю Category, в выпадающем списке выбрать категорию новости, например День рождения
- Поле Title оставить пустым
- Поле Publication date оставить пустым
- Поле Time оставить пустым
- Поле Descriptionb оставить пустым
-  Кликнуть по кнопке SAVE
","- Открылся выпадающий список, видны категории: Объявления, День рождения, Зарплата, Профсоюз, Праздник, Массаж, Благодарность, Нужна помощь
- Поле Categoty принимает выбранное значение (День рождения) 
- Поле Title остается пустым, появляется индикатор ошибки (восклицательный знак в кружке красного цвета)
- Поле Publication date остается пустым, появляется индикатор ошибки (восклицательный знак в кружке красного цвета)
- Поле Time остается  пустым, появляется индикатор ошибки (восклицательный знак в кружке красного цвета)
- Новость не сохраняется, пользователь остается на странице создания новостей Creating News
","- Открылся выпадающий список, видны категории: Объявления, День рождения, Зарплата, Профсоюз, Праздник, Массаж, Благодарность, Нужна помощь
- Поле Categoty принимает выбранное значение (День рождения) 
- Поле Title остается пустым, появляется индикатор ошибки (восклицательный знак в кружке красного цвета)
- Поле Publication date остается пустым, появляется индикатор ошибки (восклицательный знак в кружке красного цвета)
- Поле Time остается  пустым, появляется индикатор ошибки (восклицательный знак в кружке красного цвета)
- Новость не сохраняется, пользователь остается на странице создания новостей Creating News",да,Покрыт ручным тестом. Может быть автоматизирован,,
5-NNC-5,Попытка сохранени новости с незаполненным обязательным полем Category,"Из вападающего списка Category не выбрана никакая категория, остальные поля заполнены валидными значениями",Высокий,"- Полльзователь авторизован в приложении
- На основном экране открыта страница Creating News
- Страница содержит поля Category, Title, Publication date, Time, Description, SAVE, CANCEL, кнопку переключения Active","- В поле категория ничего не выбирать из выпадающего списка категорий
- Поле Title заполнить 1-60 знакаками на кириллице, кликнуть Ok
- Кликнуть по полю Publication date, в открывшемся календаре выбрать текущую дату, подтвердить выбор кликнув Ok
-  Кликнуть по полю Time, в открывшемся Time Picker (Таймпикер) выбрать текущее время, подтвердить выбор, кликнув Ok
- Заполнить поле Description 1-2500 символами на кириллице
- Кликнуть по кнопке SAVE","-  поле Category остеётся без выбранной категории, появляется индикатор ошибки (восклицательный знак в кружке красного цвета)
-  Поле Title принимает значение
- Поле Publication date принимает значение
- Поле Time принимает значение
- Поле Description принимает значение
-  Новость не сохраняется, пользователь остается на странице создания новостей Creating News","-  поле Category остеётся без выбранной категории, появляется индикатор ошибки (восклицательный знак в кружке красного цвета)
-  Поле Title принимает значение
- Поле Publication date принимает значение
- Поле Time принимает значение
- Поле Description принимает значение
-  Новость не сохраняется, пользователь остается на странице создания новостей Creating News",да,Покрыт ручным тестом. Может быть автоматизирован,,
5-NNC-6,Попытка сохранения новости с незаполненным обязательным полем Title,"Все поля заполнены валидными значениями, только поле Title оставлено пустым",Высокий,"- Полльзователь авторизован в приложении
- На основном экране открыта страница Creating News
- Страница содержит поля Category, Title, Publication date, Time, Description, SAVE, CANCEL, кнопку переключения Active","- Кликнуть по полю Category, в выпадающем списке выбрать категорию новости, например Объявление
- Поле Title оставить пустым
- Кликнуть по полю Publication date, в открывшемся календаре выбрать текущую дату, подтвердить выбор кликнув Ok
-  Кликнуть по полю Time, в открывшемся Time Picker (Таймпикер) выбрать текущее время, подтвердить выбор, кликнув Ok
- Заполнить поле Description 1-2500 символами на кириллице- Кликнуть по кнопке SAVE
","- Открылся выпадающий список, видны категории: Объявления, День рождения, Зарплата, Профсоюз, Праздник, Массаж, Благодарность, Нужна помощь
- Поле Category принимает значеник выбранной категории (Объявление)
- Поле Title остаётся пустым,  появляется индикатор ошибки (восклицательный знак в кружке красного цвета)
- Поле Publication date принимает значение
- Поле Time принимает значение
- Поле Description принимает значение
-  Новость не сохраняется, пользователь остается на странице создания новостей Creating News

","- Открылся выпадающий список, видны категории: Объявления, День рождения, Зарплата, Профсоюз, Праздник, Массаж, Благодарность, Нужна помощь
- Поле Category принимает значеник выбранной категории (Объявление)
- Поле Title остаётся пустым,  появляется индикатор ошибки (восклицательный знак в кружке красного цвета)
- Поле Publication date принимает значение
- Поле Time принимает значение
- Поле Description принимает значение
-  Новость не сохраняется, пользователь остается на странице создания новостей Creating News",да,Покрыт ручным тестом. Может быть автоматизирован,,
"5-NNC-7
",Попытка сохранения новости с незаполненным обязательным полем Publication date,"Все поля заполнены валидными значениями, только поле Publication date оставлено пустым",Высокий,"- Полльзователь авторизован в приложении
- На основном экране открыта страница Creating News
- Страница содержит поля Category, Title, Publication date, Time, Description, SAVE, CANCEL, кнопку переключения Active","- Кликнуть по полю Category, в выпадающем списке выбрать категорию новости, например Объявление
- Поле Title заполнить 1-60 знакаками на кириллице, кликнуть Ok
- Полю Publication date оставить пустым
-  Кликнуть по полю Time, в открывшемся Time Picker (Таймпикер) выбрать текущее время, подтвердить выбор, кликнув Ok
- Заполнить поле Description 1-2500 символами на кириллице
- Кликнуть по кнопке SAVE
","- Открылся выпадающий список, видны категории: Объявления, День рождения, Зарплата, Профсоюз, Праздник, Массаж, Благодарность, Нужна помощь
- Поле Category принимает значеник выбранной категории (Объявление)
- Поле Title принимает значеник
- Поле Publication date  остаётся пустым,  появляется индикатор ошибки (восклицательный знак в кружке красного цвета)
- Поле Time принимает значение
- Поле Description принимает значение
-  Новость не сохраняется, пользователь остается на странице создания новостей Creating News
","- Открылся выпадающий список, видны категории: Объявления, День рождения, Зарплата, Профсоюз, Праздник, Массаж, Благодарность, Нужна помощь
- Поле Category принимает значеник выбранной категории (Объявление)
- Поле Title принимает значеник
- Поле Publication date  остаётся пустым,  появляется индикатор ошибки (восклицательный знак в кружке красного цвета)
- Поле Time принимает значение
- Поле Description принимает значение
-  Новость не сохраняется, пользователь остается на странице создания новостей Creating News",да,Покрыт ручным тестом. Может быть автоматизирован,,
5-NNC-8,Попытка сохранения новости с незаполненным обязательным полем Time,"Все поля заполнены валидными значениями, только поле Time оставлено пустым",Высокий,"- Полльзователь авторизован в приложении
- На основном экране открыта страница Creating News
- Страница содержит поля Category, Title, Publication date, Time, Description, SAVE, CANCEL, кнопку переключения Active","- Кликнуть по полю Category, в выпадающем списке выбрать категорию новости, например Объявление
- Поле Title заполнить 1-60 знакаками на кириллице, кликнуть Ok
- Кликнуть по полю Publication date, в открывшемся календаре выбрать текущую дату, подтвердить выбор кликнув Ok
-  Поле Time оставить пустым
- Заполнить поле Description 1-2500 символами на кириллице
- Кликнуть по кнопке SAVE
","- Открылся выпадающий список, видны категории: Объявления, День рождения, Зарплата, Профсоюз, Праздник, Массаж, Благодарность, Нужна помощь
- Поле Category принимает значеник выбранной категории (Объявление)
- Поле Title принимает значеник
- Поле Publication date принимает значение
- Поле Time остаётся пустым,  появляется индикатор ошибки (восклицательный знак в кружке красного цвета)
- Поле Description принимает значение
-  Новость не сохраняется, пользователь остается на странице создания новостей Creating News
принимает значение
","- Открылся выпадающий список, видны категории: Объявления, День рождения, Зарплата, Профсоюз, Праздник, Массаж, Благодарность, Нужна помощь
- Поле Category принимает значеник выбранной категории (Объявление)
- Поле Title принимает значеник
- Поле Publication date 
- Поле Time остаётся пустым,  появляется индикатор ошибки (восклицательный знак в кружке красного цвета)
- Поле Description принимает значение
-  Новость не сохраняется, пользователь остается на странице создания новостей Creating News
принимает значение",да,Покрыт ручным тестом. Может быть автоматизирован,,
5-NNC-9,Попытка сохранения новости с незаполненным обязательным полем Description,"Все поля заполнены валидными значениями, только поле  Description оставлено пустым",Высокий,"- Полльзователь авторизован в приложении
- На основном экране открыта страница Creating News
- Страница содержит поля Category, Title, Publication date, Time, Description, SAVE, CANCEL, кнопку переключения Active","- Кликнуть по полю Category, в выпадающем списке выбрать категорию новости, например Объявление
- Поле Title заполнить 1-60 знакаками на кириллице, кликнуть Ok
- Кликнуть по полю Publication date, в открывшемся календаре выбрать текущую дату, подтвердить выбор кликнув Ok
-  Кликнуть по полю Time, в открывшемся Time Picker (Таймпикер) выбрать текущее время, подтвердить выбор, кликнув Ok
- Поле Description оставить пустым
- Кликнуть по кнопке SAVE
","- Открылся выпадающий список, видны категории: Объявления, День рождения, Зарплата, Профсоюз, Праздник, Массаж, Благодарность, Нужна помощь
- Поле Category принимает значеник выбранной категории (Объявление)
- Поле Title принимает значеник
- Поле Publication date принимает значение
- Поле Time остаётся пустым,  появляется индикатор ошибки (восклицательный знак в кружке красного цвета)
- Поле Description остаётся пустым,  появляется индикатор ошибки (восклицательный знак в кружке красного цвета)
-  Новость не сохраняется, пользователь остается на странице создания новостей Creating News
принимает значение
","- Открылся выпадающий список, видны категории: Объявления, День рождения, Зарплата, Профсоюз, Праздник, Массаж, Благодарность, Нужна помощь
- Поле Category принимает значеник выбранной категории (Объявление)
- Поле Title принимает значеник
- Поле Publication date принимает значение
- Поле Time остаётся пустым,  появляется индикатор ошибки (восклицательный знак в кружке красного цвета)
- Поле Description остаётся пустым,  появляется индикатор ошибки (восклицательный знак в кружке красного цвета)
-  Новость не сохраняется, пользователь остается на странице создания новостей Creating News
принимает значение",да,Покрыт ручным тестом. Может быть автоматизирован,,
5-NNC-10,"Попытка сохранения новости  с незаполненными всеми обязательными полями (Ttle, Publication date, Time, Description)",Не заполняется ни одно поле,Высокий,"- Полльзователь авторизован в приложении
- На основном экране открыта страница Creating News
- Страница содержит поля Category, Title, Publication date, Time, Description, SAVE, CANCEL, кнопку переключения Active","- поле Categoty оставить пустым
- поле Title оставить пустым
- поле Publication date оставить пустым
- поле Time оставить пустым
- поле Description оставить пустым
- Кликнуть по кнопке SAVE","- Поле Categoty остается пустым, появляется индикатор ошибки (восклицательный знак в кружке красного цвета)
- Поле Title остается пустым, появляется индикатор ошибки (восклицательный знак в кружке красного цвета)
- Поле Publication date остается пустым, появляется индикатор ошибки (восклицательный знак в кружке красного цвета)
- Поле Time остается  пустым, появляется индикатор ошибки (восклицательный знак в кружке красного цвета)
- поле Description остается  пустым, появляется индикатор ошибки (восклицательный знак в кружке красного цвета)
- Новость не сохраняется, пользователь остается на странице создания новостей Creating News
","- Поле Categoty остается пустым, появляется индикатор ошибки (восклицательный знак в кружке красного цвета)
- Поле Title остается пустым, появляется индикатор ошибки (восклицательный знак в кружке красного цвета)
- Поле Publication date остается пустым, появляется индикатор ошибки (восклицательный знак в кружке красного цвета)
- Поле Time остается  пустым, появляется индикатор ошибки (восклицательный знак в кружке красного цвета)
- поле Description остается  пустым, появляется индикатор ошибки (восклицательный знак в кружке красного цвета)
- Новость не сохраняется, пользователь остается на странице создания новостей Creating News
",да,Покрыт ручным тестом. Может быть автоматизирован,,
5-NNC-11," Отмена создания новости после заполнения всех обязательных полей на странице Creating news Category, Title, Publication date, Time, Description",Отменить создание новости можно нажав кнопку Cancel и выбрав соответствующую кнопку в диалоговом окне,Высокий,"- Полльзователь авторизован в приложении
- На основном экране открыта страница Creating News
- Страница содержит поля Category, Title, Publication date, Time, Description, SAVE, CANCEL, кнопку переключения Active","- Кликнуть по полю Category, в выпадающем списке выбрать категорию новости, например Объявление
- Поле Title заполнить 1-60 знакаками на кириллице, кликнуть Ok
- Кликнуть по полю Publication date, в открывшемся календаре выбрать текущую дату, подтвердить выбор кликнув Ok
-  Кликнуть по полю Time, в открывшемся Time Picker (Таймпикер) выбрать текущее время, подтвердить выбор, кликнув Ok
- Заполнить поле Description 1-2500 символами на кириллице
- Кликнуть по кнопке CANCEL
- открывшемся диалоговом окне кликнуть кнопку Ok
","- открывается диалоговое окно с текстом "" The changes won't be saved? do you really want to log out?"". Диалог содержит две кнопки Cancel и OK
-  После нажатия Ok происходит возвращение на экран редактирования/удаления новостей Control panel","- открывается диалоговое окно с текстом "" The changes won't be saved? do you really want to log out?"". Диалог содержит две кнопки Cancel и OK
-  После нажатия Ok происходит возвращение на экран редактирования/удаления новостей Control panel",да,Покрыт ручным тестом. Может быть автоматизирован,,
5-NNC-12," Отмена создания новости без заполнения всех обязательных полей на странице Creating news Category, Title, Publication date, Time, Description","Поля Creating news Category, Title, Publication date, Time, Description остаются пустыми",Высокий,"- Полльзователь авторизован в приложении
- На основном экране открыта страница Creating News
- Страница содержит поля Category, Title, Publication date, Time, Description, SAVE, CANCEL, кнопку переключения Active","- поле Categoty оставить пустым
- поле Title оставить пустым
- поле Publication date оставить пустым
- поле Time оставить пустым
- поле Description оставить пустым
- Кликнуть по кнопке CANCEL
- в открывшемся диалоговом окне кликнуть Ok
","- открывается диалоговое окно с текстом "" The changes won't be saved? do you really want to log out?"". Диалог содержит две кнопки Cancel и OK
-  После нажатия Ok происходит возвращение на экран редактирования/удаления новостей Control panel
","-- открывается диалоговое окно с текстом "" The changes won't be saved? do you really want to log out?"". Диалог содержит две кнопки Cancel и OK
-  После нажатия Ok происходит возвращение на экран редактирования/удаления новостей Control panel",да,Покрыт ручным тестом. Может быть автоматизирован,,
5-NNC-13,Отмена закрытия Формы создания новостей при всех заполненных валидными значениями полях,"После отмены закрытия Формы создания новостей изменения во всех  полях ( Category, Title, Publication date, Time, Description) сохраняются",Высокий,"- Полльзователь авторизован в приложении
- На основном экране открыта страница Creating News
- Страница содержит поля Category, Title, Publication date, Time, Description, SAVE, CANCEL, кнопку переключения Active","- Кликнуть по полю Category, в выпадающем списке выбрать категорию новости, например Объявление
- Поле Title заполнить 1-60 знакаками на кириллице, кликнуть Ok
- Кликнуть по полю Publication date, в открывшемся календаре выбрать текущую дату, подтвердить выбор кликнув Ok
-  Кликнуть по полю Time, в открывшемся Time Picker (Таймпикер) выбрать текущее время, подтвердить выбор, кликнув Ok
- Заполнить поле Description 1-2500 символами на кириллице
- Кликнуть по кнопке CANCEL
- в открывшемся диалоговом окне кликнуть кнопку CANCEL
","- Открылся выпадающий список, видны категории: Объявления, День рождения, Зарплата, Профсоюз, Праздник, Массаж, Благодарность, Нужна помощь
- Поле Category принимает значеник выбранной категории (Объявление)
- Поле Title принимает значение
- Поле Publication date принимает значение
- Поле Time принимает значение
- Поле Description принимает значение
- Кликнуть по кнопке CANCEL
- открывается диалоговое окно с текстом "" The changes won't be saved? do you really want to log out?"". Диалог содержит две кнопки Cancel и OK
- После нажатия на кнопку CANCEL происходит возврат к окну редактирования новостей. 
- Все ранее введённые в поля данные  сохраняются (не сбрасываются)
","- Открылся выпадающий список, видны категории: Объявления, День рождения, Зарплата, Профсоюз, Праздник, Массаж, Благодарность, Нужна помощь
- Поле Category принимает значеник выбранной категории (Объявление)
- Поле Title принимает значение
- Поле Publication date принимает значение
- Поле Time принимает значение
- Поле Description принимает значение
- Кликнуть по кнопке CANCEL
- открывается диалоговое окно с текстом "" The changes won't be saved? do you really want to log out?"". Диалог содержит две кнопки Cancel и OK
- После нажатия на кнопку CANCEL происходит возврат к окну редактирования новостей 
- Все ранее введённые в поля данные сохраняются (не сбрасываются)",да,Покрыт ручным тестом. Может быть автоматизирован,,
5-NNC-14,Отмена закрытия Формы создания новостей со всеми пустыми (незаполненными) полями,"После отмены закрытия Формы создания новостей со всеми незаполнеными (пустыми) полями ( Category, Title, Publication date, Time, Description), все эти поля остаются пустыми",Высокий,"- Полльзователь авторизован в приложении
- На основном экране открыта страница Creating News
- Страница содержит поля Category, Title, Publication date, Time, Description, SAVE, CANCEL, кнопку переключения Active","- Кликнуть по полю Category, в выпадающем списке выбрать категорию новости, например Объявление
- Поле Title заполнить 1-60 знакаками на кириллице, кликнуть Ok
- Кликнуть по полю Publication date, в открывшемся календаре выбрать текущую дату, подтвердить выбор кликнув Ok
-  Кликнуть по полю Time, в открывшемся Time Picker (Таймпикер) выбрать текущее время, подтвердить выбор, кликнув Ok
- Заполнить поле Description 1-2500 символами на кириллице
- Кликнуть по кнопке CANCEL
- в открывшемся диалоговом окне кликнуть кнопку CANCEL
","- Поле Categoty остается пустым
- Поле Title остается пустым
- Поле Publication date остается пустым
- Поле Time остается  пустым
- поле Description остается  пустым
- После нажатия на кнопку CANCEL происходит возврат к окну редактирования новостей. 
- Все поля (Category, Title, Publication date, Time, Description) остаются пустыми (незаполненными)
","- Поле Categoty остается пустым
- Поле Title остается пустым
- Поле Publication date остается пустым
- Поле Time остается  пустым
- поле Description остается  пустым
- После нажатия на кнопку CANCEL происходит возврат к окну редактирования новостей. 
- Все поля (Category, Title, Publication date, Time, Description) остаются пустыми (незаполненными)
",да,Покрыт ручным тестом. Может быть автоматизирован,,
5-NNC-15,Отмена зпкрытия Формы создания новостей с одним заполненным полем Category,"Заполняется только поле Category, все остальные поля (Title, Publication date, Time, Description) остаются пустыми",Высокий,"- Полльзователь авторизован в приложении
- На основном экране открыта страница Creating News
- Страница содержит поля Category, Title, Publication date, Time, Description, SAVE, CANCEL, кнопку переключения Active","- Кликнуть по полю Category, в выпадающем списке выбрать категорию новости, например Объявление
- поле Title оставить пустым
- поле Publication date оставить пустым
- поле Time оставить пустым
- поле Description оставить пустым
- Кликнуть по кнопке CANCEL
- в открывшемся диалоговом окне кликнуть кнопку CANCEL","- Поле Categoty принимает значение
- Поле Title остается пустым
- Поле Publication date остается пустым
- Поле Time остается  пустым
- поле Description остается  пустым
- После нажатия на кнопку CANCEL происходит возврат к окну редактирования новостей. 
- Все поля (Category, Title, Publication date, Time, Description) остаются пустыми (незаполненны","- Поле Categoty принимает значение
- Поле Title остается пустым
- Поле Publication date остается пустым
- Поле Time остается  пустым
- поле Description остается  пустым
- После нажатия на кнопку CANCEL происходит возврат к окну редактирования новостей. 
- Все поля (Category, Title, Publication date, Time, Description) остаются пустыми (незаполненны",да,Покрыт ручным тестом. Может быть автоматизирован,,
5-NNC-16,"Работа кнопки Active/Not active при заполнении всезх полей (Categori, Title, Publication date, Time, Description) валидными значениями",Все поля заполняются валидными зачениями,Высокий,"- Полльзователь авторизован в приложении
- На основном экране открыта страница Creating News
- Страница содержит поля Category, Title, Publication date, Time, Description, SAVE, CANCEL, кнопку переключения Active","- Кликнуть по полю Category, в выпадающем списке выбрать категорию новости, например Объявление
- Поле Title заполнить 1-60 знакаками на кириллице, кликнуть Ok
- Кликнуть по полю Publication date, в открывшемся календаре выбрать текущую дату, подтвердить выбор кликнув Ok
-  Кликнуть по полю Time, в открывшемся Time Picker (Таймпикер) выбрать текущее время, подтвердить выбор, кликнув Ok
- Заполнить поле Description 1-2500 символами на кириллице
- переключить положение кнопки Active в положение Not active

","- Открылся выпадающий список, видны категории: Объявления, День рождения, Зарплата, Профсоюз, Праздник, Массаж, Благодарность, Нужна помощь
- Поле Category принимает значеник выбранной категории (Объявление)
- Поле Title принимает значение
- Поле Publication date принимает значение
- Поле Time принимает значение
- Поле Description принимает значение
- Кнопка Active переключилась в положение Not active
","- Открылся выпадающий список, видны категории: Объявления, День рождения, Зарплата, Профсоюз, Праздник, Массаж, Благодарность, Нужна помощь
- Поле Category принимает значеник выбранной категории (Объявление)
- Поле Title принимает значение
- Поле Publication date принимает значение
- Поле Time принимает значение
- Поле Description принимает значение
- Кнопка Active находится в неактивном состоянии, переключение в положение  Not active не происходит",нет,"Не покрыт  ручным тестом, т.к. нет требований. Не понятно - так должно быть или это баг.","Это баг? Или так и должно быть, но тогда зачем эта кнопка здесь?",
5-NNC-17,Отображение созданной новости на странице просмотра  новостей News,,,"- Полльзователь авторизован в приложении
- На основном экране открыта страница Creating News
- Страница содержит поля Category, Title, Publication date, Time, Description, SAVE, CANCEL, кнопку переключения Active","- Кликнуть по полю Category, в выпадающем списке выбрать категорию новости, например Объявление
- Поле Title заполнить 1-60 знакаками на кириллице, кликнуть Ok
- Кликнуть по полю Publication date, в открывшемся календаре выбрать текущую дату, подтвердить выбор кликнув Ok
-  Кликнуть по полю Time, в открывшемся Time Picker (Таймпикер) выбрать текущее время, подтвердить выбор, кликнув Ok
- Заполнить поле Description 1-2500 символами на кириллице
- Кликнуть по кнопке SAVE
- на открывшейся странице Control Panel в верхней панели приложения кликнуть по иконке  с тремя полосками
- в раскрывшемся списке выбрать News
- на открывшейся странице News со списком новостей отображается панель со значком категории и  заголовком созданной новости
-кликнуть по панели с созданной новостью
","- Открылся выпадающий список, видны категории: Объявления, День рождения, Зарплата, Профсоюз, Праздник, Массаж, Благодарность, Нужна помощь
- Поле Category принимает значеник выбранной категории (Объявление)
- Поле Title принимает значение
- Поле Publication date принимает значение
- Поле Time принимает значение
- Поле Description принимает значение
- Происходит переход на страницу Creating News
- Раскрывается выпадающий список Main, News, About
- Произошел переход на страницу News, отображаются панели со значками категории, заголовками и датами новостей, отображается панель созданной новости, категория, заголовок и дата публикации новости отображаются верно
- Открывается текст созданной новости для чтения, текст  отображается верно
","- Открылся выпадающий список, видны категории: Объявления, День рождения, Зарплата, Профсоюз, Праздник, Массаж, Благодарность, Нужна помощь
- Поле Category принимает значеник выбранной категории (Объявление)
- Поле Title принимает значение
- Поле Publication date принимает значение
- Поле Time принимает значение
- Поле Description принимает значение
- Происходит переход на страницу Creating News
- Раскрывается выпадающий список Main, News, About
- Произошел переход на страницу News, отображаются панели со значками категории, заголовками и датами новостей, отображается панель созданной новости, категория, заголовок и дата публикации новости отображаются верно
- Открывается текст созданной новости для чтения, текст и отображается верно",да,Покрыт ручным тестом. Может быть автоматизирован,,
6-NCPEN (News  Control Panel Editing News) Редактирование новостей,,,,,,,,,,,
6-NCPEN-1,Редактирование всех полей в существующей (раннее созданной) новости ,Изменения вносятся в форму редактирования раннее существующих (созданных и сохраненных) новостей  Editing News. Изменяется содержимое всех полей,Высокий,"- Полльзователь авторизован в приложении
- На основном экране открыта страница Creating News
- Страница содержит поля Category, Title, Publication date, Time, Description, SAVE, CANCEL, кнопку переключения Active","- Кликнуть по полю Category, в выпадающем списке выбрать категорию новости, например Объявление
- Поле Title принимает предустановленное значение - очистить его и заполнить 1-60 знакаками на кириллице
- Кликнуть по полю Publication date, в открывшемся календаре выбрать текущую дату, подтвердить выбор кликнув Ok
-  Кликнуть по полю Time, в открывшемся Time Picker (Таймпикер) выбрать текущее время, подтвердить выбор, кликнув Ok
- Заполнить поле Description 1-2500 символами на кириллице 
- кликнуть SAVE
- на открывшейся странице Controle panel найти панель созданной и сохранной новости, кликнуть по этой панели
- на открывшейся странице Controle panel в панели созданной и сохраненной новости, кликнуть иконку Квадрат с карандашом
- в открывшейся форме редактирования новостей  Editting News в выпадающем списке Category выбрать другую категорию (например Праздник)
- Поле Title принимает предустановленное значение - очистить его и заполнить 1-60 знакаками на кириллице, текст поля отличается от текста при создании новости
- В Поле Publication date в календаре выбрать одну из дат, следующих за датой создании редактируемой новости
- В  Поле Time установить время, отличное от времени в редактируемой новости
-  Поле Description очистить, затем заполнить 1-2500 символами на кириллице
-  Кликнуть по кнопке SAVE
-  Кликнуть по панели с отредактированной  новостью","-  Открылся выпадающий список, видны категории: Объявления, День рождения, Зарплата, Профсоюз, Праздник, Массаж, Благодарность, Нужна помощь
- Поле Category принимает значеник выбранной категории (Объявление)
- Поле Title принимает значение
- Поле Publication date принимает значение
- Поле Time принимает значение
- Поле Description принимает значение
- Происходит переход на страницу Creating News
- Открывается текст созданной новости для чтения, текст  отображается верно
- Отккрылась форма редактирования новостей Editing News. Форма содержит обязательные для заполнения поля Category, Title, Publication date, Time, Description, переключатель Active/Not active, кнопки SAVE, CANCELL 
- Поле Category принимает выбранную категорию (например Праздник)
-  Поле Title принимает значение 
-  Поле  Publication date принимает значение
-  Поле Time принимает значение
-  Поля Description принимает значение
- Происходит переход на страниц Controle panel
-  На главном экране отображается панель с отредактированной новостью
- Содержание полей Category, Title, Publication date, Time отображается верно
- Открывается текст для чтения отредактированной новости, текст отображается верно
","-  Открылся выпадающий список, видны категории: Объявления, День рождения, Зарплата, Профсоюз, Праздник, Массаж, Благодарность, Нужна помощь
- Поле Category принимает значеник выбранной категории (Объявление)
- Поле Title принимает значение
- Поле Publication date принимает значение
- Поле Time принимает значение
- Поле Description принимает значение
- Происходит переход на страницу Creating News
- Открывается текст созданной новости для чтения, текст  отображается верно
- Отккрылась форма редактирования новостей Editing News. Форма содержит обязательные для заполнения поля Category, Title, Publication date, Time, Description, переключатель Active/Not active, кнопки SAVE, CANCELL 
- Поле Category принимает выбранную категорию (например Праздник)
-  Поле Title принимает значение 
-  Поле  Publication date принимает значение
-  Поле Time принимает значение
-  Поля Description принимает значение
- Происходит переход на страниц Controle panel
-  На главном экране отображается панель с отредактированной новостью
- Содержание полей Category, Title, Publication date, Time отображается верно
- Открывается текст для чтения отредактированной новости, текст отображается верно",да,Покрыт ручным тестом. Может быть автоматизирован,,
6-NCPEN-2,Редактирование поля Category в существующей (раннее созданной) новости ,"Изменения вносятся в форму редактирования раннее существующих (созданных и сохраненных) новостей  Editing News. Изменяется содержимое только поля Category, остальные поля остаются без изменений. Значение поля Titlle при редактировании новости заполняется теми же знаками, что и при создании новости.",Высокий,"- Полльзователь авторизован в приложении
- На основном экране открыта страница Creating News
- Страница содержит поля Category, Title, Publication date, Time, Description, SAVE, CANCEL, кнопку переключения Active","- Кликнуть по полю Category, в выпадающем списке выбрать категорию новости, например Объявление
- Кликнуть по полю Title. Поле принмает прдустановленное значение, текст дублирует значение категории - очистить его и  заполнить 1-60 знакаками на кириллице
- Кликнуть по полю Publication date, в открывшемся календаре выбрать текущую дату, подтвердить выбор кликнув Ok
-  Кликнуть по полю Time, в открывшемся Time Picker (Таймпикер) выбрать текущее время, подтвердить выбор, кликнув Ok
- Заполнить поле Description 1-2500 символами на кириллице 
- кликнуть SAVE
- на открывшейся странице Controle panel найти панель созданной и сохранной новости, кликнуть по этой панели
- на открывшейся странице Controle panel в панели созданной и сохраненной новости, кликнуть иконку Квадрат с карандашом
- в открывшейся форме редактирования новостей  Editting News в выпадающем списке Category выбрать другую категорию (например Праздник)
- Поле Title  принмает предустановленное значение, текст дублирует значение категории - очистить его и  заполнить 1-60 знакаками на кириллице - темиже, что и при создании новости, кликнуть Ok 
- Поле Publication date оставить без изменений
- Поле Time оставить без изменений
- Поле Description без изменений
-  Кликнуть по кнопке SAVE
- кликнуть по панели с отредактированной  новостью
","-  Открылся выпадающий список, видны категории: Объявления, День рождения, Зарплата, Профсоюз, Праздник, Массаж, Благодарность, Нужна помощь
- Поле Category принимает значеник выбранной категории (Объявление)
- Поле Title принимает значение
- Поле Publication date принимает значение
- Поле Time принимает значение
- Поле Description принимает значение
- Происходит переход на страницу Creating News
- Открывается текст созданной новости для чтения, текст  отображается верно
- Отккрылась форма редактирования новостей Editing News. Форма содержит обязательные для заполнения поля Category, Title, Publication date, Time, Description, переключатель Active/Not active, кнопки SAVE, CANCELL 
- Поле Category принимает выбранную категорию (например Праздник)
-  Поле Title принимает значение (значение то же, что при создании новости)
- Значение поля Publication date остаётся прежним (не меняет значение)
- Значение поля Time остаётся прежним (не меняет значение)
- Значение поля Description остаётся прежним (не меняет значение)
- Происходит переход на страниц Controle panel
-  На главном экране отображается панель с отредактированной новостью
- Содержание полей Category, Title, Publication date, Time отображается верно
- Открывается текс для чтения отредактированной новости, текст отображается верно
","-  Открылся выпадающий список, видны категории: Объявления, День рождения, Зарплата, Профсоюз, Праздник, Массаж, Благодарность, Нужна помощь
- Поле Category принимает значеник выбранной категории (Объявление)
- Поле Title принимает значение
- Поле Publication date принимает значение
- Поле Time принимает значение
- Поле Description принимает значение
- Происходит переход на страницу Creating News
- Открывается текст созданной новости для чтения, текст  отображается верно
- Отккрылась форма редактирования новостей Editing News. Форма содержит обязательные для заполнения поля Category, Title, Publication date, Time, Description, переключатель Active/Not active, кнопки SAVE, CANCELL 
- Поле Category принимает выбранную категорию (например Праздник)
-  Поле Title принимает предустановленное значение
- Значение поля Publication date остаётся прежним (не меняет значение)
- Значение поля Time остаётся прежним (не меняет значение)
- Значение поля Description остаётся прежним (не меняет значение)
- Происходит переход на страниц Controle panel
-  На главном экране отображается панель с отредактированной новостью
- Содержание полей Category, Title, Publication date, Time отображается верно
- Открывается текс для чтения отредактированной новости, текст отображается верно",?,Покрыт ручным тестом.  Может быть автоматизирован,"При редактировании новости при изменении Category автоматически изменяется и Title, так же как и присоздании новости. Но ведь если мне при редактировании надо изменить только Category, а остально, в том числе и Title менять не надо, то зачем он меняется? Получается это баг? А т.к. его можно изменить вручную, то приоритет средний?  Или это вообще не баг и так было задумано?",
6-NCPEN-3,Редактирование поля Title в существующей (раннее созданной) новости,"Изменения вносятся в форму редактирования раннее существующих (созданных и сохраненных) новостей  Editing News. Изменяется содержимое только поля Title, остальные поля остаются без изменений. ",Высокий,"- Полльзователь авторизован в приложении
- На основном экране открыта страница Creating News
- Страница содержит поля Category, Title, Publication date, Time, Description, SAVE, CANCEL, кнопку переключения Active","- Кликнуть по полю Category, в выпадающем списке выбрать категорию новости, например Объявление
- Кликнуть по полю Title. Поле принмает прдустановленное значение, текст дублирует значение категории - очистить его и  заполнить 1-60 знакаками на кириллице
- Кликнуть по полю Publication date, в открывшемся календаре выбрать текущую дату, подтвердить выбор кликнув Ok
-  Кликнуть по полю Time, в открывшемся Time Picker (Таймпикер) выбрать текущее время, подтвердить выбор, кликнув Ok
- Заполнить поле Description 1-2500 символами на кириллице 
- кликнуть SAVE
- на открывшейся странице Controle panel найти панель созданной и сохранной новости, кликнуть по этой панели
- на открывшейся странице Controle panel в панели созданной и сохраненной новости, кликнуть иконку Квадрат с карандашом
- в открывшейся форме редактирования новостей  Editting News в выпадающем списке Category раннее выбранную   категорию оставить без изменений
- Очистить поле Title  и  заполнить его1-60 знакаками на кириллице, новый текст отличается от текста при создании новости, кликнуть Ok 
- Поле Publication date оставить без изменений
- Поле Time оставить без изменений
- Поле Description без изменений
-  Кликнуть по кнопке SAVE
- кликнуть по панели с отредактированной  новостью
","-  Открылся выпадающий список, видны категории: Объявления, День рождения, Зарплата, Профсоюз, Праздник, Массаж, Благодарность, Нужна помощь
- Поле Category принимает значеник выбранной категории (Объявление)
- Поле Title принимает значение
- Поле Publication date принимает значение
- Поле Time принимает значение
- Поле Description принимает значение
- Происходит переход на страницу Creating News
- Открывается текст созданной новости для чтения, текст  отображается верно
- Отккрылась форма редактирования новостей Editing News. Форма содержит обязательные для заполнения поля Category, Title, Publication date, Time, Description, переключатель Active/Not active, кнопки SAVE, CANCELL 
- Поле Category имеет значение выбранное при создании новости (например Объявление)
-  Поле Title принимает новое значение
- Значение поля Publication date остаётся прежним (то же, что и при создании новости)
- Значение поля Time остаётся прежним (то же, что и при создании новости)
- Значение поля Description остаётся прежним (то же, что и при создании новости)
- Происходит переход на страниц Controle panel
-  На главном экране отображается панель с отредактированной новостью
- Содержание полей Category, Title, Publication date, Time отображается верно
- Открывается текст для чтения отредактированной новости, текст отображается верно
","-  Открылся выпадающий список, видны категории: Объявления, День рождения, Зарплата, Профсоюз, Праздник, Массаж, Благодарность, Нужна помощь
- Поле Category принимает значеник выбранной категории (Объявление)
- Поле Title принимает значение
- Поле Publication date принимает значение
- Поле Time принимает значение
- Поле Description принимает значение
- Происходит переход на страницу Creating News
- Открывается текст созданной новости для чтения, текст  отображается верно
- Отккрылась форма редактирования новостей Editing News. Форма содержит обязательные для заполнения поля Category, Title, Publication date, Time, Description, переключатель Active/Not active, кнопки SAVE, CANCELL 
- Поле Category имеет значение выбранное при создании новости (например Объявление)
-  Поле Title принимает новое значение
- Значение поля Publication date остаётся прежним (то же, что и при создании новости)
- Значение поля Time остаётся прежним (то же, что и при создании новости)
- Значение поля Description остаётся прежним (то же, что и при создании новости)
- Происходит переход на страниц Controle panel
-  На главном экране отображается панель с отредактированной новостью
- Содержание полей Category, Title, Publication date, Time отображается верно
- Открывается текст для чтения отредактированной новости, текст отображается верно",да,Покрыт ручным тестом.  Может быть автоматизирован,,
6-NCPEN-4,Редактирование поля Publication date в существующей (раннее созданной) новости,"Изменения вносятся в форму редактирования раннее существующих (созданных и сохраненных) новостей  Editing News. Изменяется содержимое только поля Publication date, остальные поля остаются без изменений. ",Высокий,"- Полльзователь авторизован в приложении
- На основном экране открыта страница Creating News
- Страница содержит поля Category, Title, Publication date, Time, Description, SAVE, CANCEL, кнопку переключения Active","- Кликнуть по полю Category, в выпадающем списке выбрать категорию новости, например Объявление
- Кликнуть по полю Title. Поле принмает прдустановленное значение, текст дублирует значение категории - очистить его и  заполнить 1-60 знакаками на кириллице
- Кликнуть по полю Publication date, в открывшемся календаре выбрать текущую дату, подтвердить выбор кликнув Ok
-  Кликнуть по полю Time, в открывшемся Time Picker (Таймпикер) выбрать текущее время, подтвердить выбор, кликнув Ok
- Заполнить поле Description 1-2500 символами на кириллице 
- кликнуть SAVE
- на открывшейся странице Controle panel найти панель созданной и сохранной новости, кликнуть по этой панели
- на открывшейся странице Controle panel в панели созданной и сохраненной новости, кликнуть иконку Квадрат с карандашом
- в открывшейся форме редактирования новостей  Editting News, в выпадающем списке Category, раннее выбранную  категорию оставить без изменений
- Поле Title оставить без изменений
- В поле Publication date в календаре выбрать дату, отличающуюся от даты при создании новости
- Поле Time оставить без изменений
- Поле Description без изменений
-  Кликнуть по кнопке SAVE
- кликнуть по панели с отредактированной  новостью","-  Открылся выпадающий список, видны категории: Объявления, День рождения, Зарплата, Профсоюз, Праздник, Массаж, Благодарность, Нужна помощь
- Поле Category принимает значеник выбранной категории (Объявление)
- Поле Title принимает значение
- Поле Publication date принимает значение
- Поле Time принимает значение
- Поле Description принимает значение
- Происходит переход на страницу Creating News
- Открывается текст созданной новости для чтения, текст  отображается верно
- Отккрылась форма редактирования новостей Editing News. Форма содержит обязательные для заполнения поля Category, Title, Publication date, Time, Description, переключатель Active/Not active, кнопки SAVE, CANCELL 
- Поле Category имеет значение выбранное при создании новости (например Объявление)
-  Поле Title имеет то же значение, что при создании новости
- Поле Publication date принимает новое значение
- Значение поля Time остаётся прежним (то же, что и при создании новости)
- Значение поля Description остаётся прежним (то же, что и при создании новости)
- Происходит переход на страниц Controle panel
-  На главном экране отображается панель с отредактированной новостью
- Содержание полей Category, Title, Publication date, Time отображается верно
- Открывается текст для чтения отредактированной новости, текст отображается верно","-  Открылся выпадающий список, видны категории: Объявления, День рождения, Зарплата, Профсоюз, Праздник, Массаж, Благодарность, Нужна помощь
- Поле Category принимает значеник выбранной категории (Объявление)
- Поле Title принимает значение
- Поле Publication date принимает значение
- Поле Time принимает значение
- Поле Description принимает значение
- Происходит переход на страницу Creating News
- Открывается текст созданной новости для чтения, текст  отображается верно
- Отккрылась форма редактирования новостей Editing News. Форма содержит обязательные для заполнения поля Category, Title, Publication date, Time, Description, переключатель Active/Not active, кнопки SAVE, CANCELL 
- Поле Category имеет значение выбранное при создании новости (например Объявление)
-  Поле Title имеет то же значение, что при создании новости
- Поле Publication date принимает новое значение
- Значение поля Time остаётся прежним (то же, что и при создании новости)
- Значение поля Description остаётся прежним (то же, что и при создании новости)
- Происходит переход на страниц Controle panel
-  На главном экране отображается панель с отредактированной новостью
- Содержание полей Category, Title, Publication date, Time отображается верно
- Открывается текст для чтения отредактированной новости, текст отображается верно",да,Покрыт ручным тестом.  Может быть автоматизирован,,
6-NCPEN-5,Редактирование поля Time в существующей (раннее созданной) новости,"Изменения вносятся в форму редактирования раннее существующих (созданных и сохраненных) новостей  Editing News. Изменяется содержимое только поля Time, остальные поля остаются без изменений. ",Высокий,"- Полльзователь авторизован в приложении
- На основном экране открыта страница Creating News
- Страница содержит поля Category, Title, Publication date, Time, Description, SAVE, CANCEL, кнопку переключения Active","- Кликнуть по полю Category, в выпадающем списке выбрать категорию новости, например Объявление
- Кликнуть по полю Title. Поле принмает прдустановленное значение, текст дублирует значение категории - очистить его и  заполнить 1-60 знакаками на кириллице
- Кликнуть по полю Publication date, в открывшемся календаре выбрать текущую дату, подтвердить выбор кликнув Ok
-  Кликнуть по полю Time, в открывшемся Time Picker (Таймпикер) выбрать текущее время, подтвердить выбор, кликнув Ok
- Заполнить поле Description 1-2500 символами на кириллице 
- кликнуть SAVE
- на открывшейся странице Controle panel найти панель созданной и сохранной новости, кликнуть по этой панели
- на открывшейся странице Controle panel в панели созданной и сохраненной новости, кликнуть иконку Квадрат с карандашом
- в открывшейся форме редактирования новостей  Editting News в выпадающем списке Category, раннее выбранную   категорию оставить без изменений
- Поле Title  оставить без изменений
- Поле Publication date оставить без изменений
- В поле Time выбрать время, отличающееся от времени в созданной новости
- Поле Description без изменений
-  Кликнуть по кнопке SAVE
- кликнуть по панели с отредактированной  новостью","-  Открылся выпадающий список, видны категории: Объявления, День рождения, Зарплата, Профсоюз, Праздник, Массаж, Благодарность, Нужна помощь
- Поле Category принимает значеник выбранной категории (Объявление)
- Поле Title принимает значение
- Поле Publication date принимает значение
- Поле Time принимает значение
- Поле Description принимает значение
- Происходит переход на страницу Creating News
- Открывается текст созданной новости для чтения, текст  отображается верно
- Отккрылась форма редактирования новостей Editing News. Форма содержит обязательные для заполнения поля Category, Title, Publication date, Time, Description, переключатель Active/Not active, кнопки SAVE, CANCELL 
- Поле Category имеет значение выбранное при создании новости (например Объявление)
- Значение поля Title остеётся прежгим (то же, что при создании новости)
- Значение поля Publication date остаётся прежним (то же, что и при создании новости)
- Значение поля Time принимает новое знечение
- Значение поля Description остаётся прежним (то же, что и при создании новости)
- Происходит переход на страниц Controle panel
-  На главном экране отображается панель с отредактированной новостью
- Содержание полей Category, Title, Publication date, Time отображается верно
- Открывается текст для чтения отредактированной новости, текст отображается верно","-  Открылся выпадающий список, видны категории: Объявления, День рождения, Зарплата, Профсоюз, Праздник, Массаж, Благодарность, Нужна помощь
- Поле Category принимает значеник выбранной категории (Объявление)
- Поле Title принимает значение
- Поле Publication date принимает значение
- Поле Time принимает значение
- Поле Description принимает значение
- Происходит переход на страницу Creating News
- Открывается текст созданной новости для чтения, текст  отображается верно
- Отккрылась форма редактирования новостей Editing News. Форма содержит обязательные для заполнения поля Category, Title, Publication date, Time, Description, переключатель Active/Not active, кнопки SAVE, CANCELL 
- Поле Category имеет значение выбранное при создании новости (например Объявление)
- Значение поля Title остеётся прежгим (то же, что при создании новости)
- Значение поля Publication date остаётся прежним (то же, что и при создании новости)
- Значение поля Time принимает новое знечение
- Значение поля Description остаётся прежним (то же, что и при создании новости)
- Происходит переход на страниц Controle panel
-  На главном экране отображается панель с отредактированной новостью
- Содержание полей Category, Title, Publication date, Time отображается верно
- Открывается текст для чтения отредактированной новости, текст отображается верно",да,Покрыт ручным тестом.  Может быть автоматизирован,,
6-NCPEN-6,Редактирование поля Description в существующей (раннее созданной) новости,"Изменения вносятся в форму редактирования раннее существующих (созданных и сохраненных) новостей  Editing News. Изменяется содержимое только поля Description, остальные поля остаются без изменений. ",Высокий,"- Полльзователь авторизован в приложении
- На основном экране открыта страница Creating News
- Страница содержит поля Category, Title, Publication date, Time, Description, SAVE, CANCEL, кнопку переключения Active","- Кликнуть по полю Category, в выпадающем списке выбрать категорию новости, например Объявление
- Кликнуть по полю Title. Поле принмает прдустановленное значение, текст дублирует значение категории - очистить его и  заполнить 1-60 знакаками на кириллице
- Кликнуть по полю Publication date, в открывшемся календаре выбрать текущую дату, подтвердить выбор кликнув Ok
-  Кликнуть по полю Time, в открывшемся Time Picker (Таймпикер) выбрать текущее время, подтвердить выбор, кликнув Ok
- Заполнить поле Description 1-2500 символами на кириллице 
- кликнуть SAVE
- на открывшейся странице Controle panel найти панель созданной и сохранной новости, кликнуть по этой панели
- на открывшейся странице Controle panel в панели созданной и сохраненной новости, кликнуть иконку Квадрат с карандашом
- в открывшейся форме редактирования новостей  Editting News в выпадающем списке Category раннее выбранную   категорию оставить без изменений
- Поле Title  оставить без изменений 
- Поле Publication date оставить без изменений
- Поле Time оставить без изменений
- Поле Description очистить, затем заполнить 1-2500 символами на кириллице, текст отличается от текста при создании 
-  Кликнуть по кнопке SAVE
- кликнуть по панели с отредактированной  новостью","-  Открылся выпадающий список, видны категории: Объявления, День рождения, Зарплата, Профсоюз, Праздник, Массаж, Благодарность, Нужна помощь
- Поле Category принимает значеник выбранной категории (Объявление)
- Поле Title принимает значение
- Поле Publication date принимает значение
- Поле Time принимает значение
- Поле Description принимает значение
- Происходит переход на страницу Creating News
- Открывается текст созданной новости для чтения, текст  отображается верно
- Отккрылась форма редактирования новостей Editing News. Форма содержит обязательные для заполнения поля Category, Title, Publication date, Time, Description, переключатель Active/Not active, кнопки SAVE, CANCELL 
- Поле Category имеет значение выбранное при создании новости (например Объявление)
- Значение поля Title остаётся прежгим (то же, что при создании новости)
- Значение поля Publication date остаётся прежним (то же, что и при создании новости)
- Значение поля Time остаётся прежгим (то же, что при создании новости)
- Значение поля Description принимает новое значение
- Происходит переход на страниц Controle panel
-  На главном экране отображается панель с отредактированной новостью
- Содержание полей Category, Title, Publication date, Time отображается верно
- Открывается текст для чтения отредактированной новости, текст отображается верно","-  Открылся выпадающий список, видны категории: Объявления, День рождения, Зарплата, Профсоюз, Праздник, Массаж, Благодарность, Нужна помощь
- Поле Category принимает значеник выбранной категории (Объявление)
- Поле Title принимает значение
- Поле Publication date принимает значение
- Поле Time принимает значение
- Поле Description принимает значение
- Происходит переход на страницу Creating News
- Открывается текст созданной новости для чтения, текст  отображается верно
- Отккрылась форма редактирования новостей Editing News. Форма содержит обязательные для заполнения поля Category, Title, Publication date, Time, Description, переключатель Active/Not active, кнопки SAVE, CANCELL 
- Поле Category имеет значение выбранное при создании новости (например Объявление)
- Значение поля Title остаётся прежгим (то же, что при создании новости)
- Значение поля Publication date остаётся прежним (то же, что и при создании новости)
- Значение поля Time остаётся прежгим (то же, что при создании новости)
- Значение поля Description принимает новое значение
- Происходит переход на страниц Controle panel
-  На главном экране отображается панель с отредактированной новостью
- Содержание полей Category, Title, Publication date, Time отображается верно
- Открывается текст для чтения отредактированной новости, текст отображается верно",да,Покрыт ручным тестом.  Может быть автоматизирован,,
Кнопка Active/Not active,,,,,,,,,,,
6-NCPENA-1,Переключение кнопки Active/Not active,,,"- Полльзователь авторизован в приложении
- На основном экране открыта страница Creating News
- Страница содержит поля Category, Title, Publication date, Time, Description, SAVE, CANCEL, кнопку переключения Activ","- Кликнуть по полю Category, в выпадающем списке выбрать категорию новости, например Объявление
- Поле Title принимает предустановленное значение - очистить его и заполнить 1-60 знакаками на кириллице
- Кликнуть по полю Publication date, в открывшемся календаре выбрать текущую дату, подтвердить выбор кликнув Ok
-  Кликнуть по полю Time, в открывшемся Time Picker (Таймпикер) выбрать текущее время, подтвердить выбор, кликнув Ok
- Заполнить поле Description 1-2500 символами на кириллице 
- кликнуть SAVE
- на открывшейся странице Controle panel найти панель созданной и сохранной новости, кликнуть по этой панели
- на открывшейся странице Controle panel в панели созданной и сохраненной новости, кликнуть иконку Квадрат с карандашом
-  В открывшейся форме редактирования новостей Editing news кнопку переключения из режима Active переключить в режим Not active
-  В форме редактирования новостей Editing news кнопку переключения из режима Not active переключить в режим Active","-  Открылся выпадающий список, видны категории: Объявления, День рождения, Зарплата, Профсоюз, Праздник, Массаж, Благодарность, Нужна помощь
- Поле Category принимает значеник выбранной категории (Объявление)
- Поле Title принимает значение
- Поле Publication date принимает значение
- Поле Time принимает значение
- Поле Description принимает значение
- Происходит переход на страницу Creating News
- Открывается текст созданной новости для чтения, текст  отображается верно
- Отккрылась форма редактирования новостей Editing News. Форма содержит обязательные для заполнения поля Category, Title, Publication date, Time, Description (все эти обязательные поля заполнены), переключатель Active/Not active, SAVE, CANCELL
- Переключатель Active/Not active находится в положении Active и подсвечиваетя
-Текст рядом с кнопкой изменися на Not active, изменился цвет кнопки и подсветка - кнопка не подсвечивается
-Текст рядом с кнопкой изменися на Active, изменился цвет кнопки и подсветка - кнопка подсвечивается","-  Открылся выпадающий список, видны категории: Объявления, День рождения, Зарплата, Профсоюз, Праздник, Массаж, Благодарность, Нужна помощь
- Поле Category принимает значеник выбранной категории (Объявление)
- Поле Title принимает значение
- Поле Publication date принимает значение
- Поле Time принимает значение
- Поле Description принимает значение
- Происходит переход на страницу Creating News
- Открывается текст созданной новости для чтения, текст  отображается верно
- Отккрылась форма редактирования новостей Editing News. Форма содержит обязательные для заполнения поля Category, Title, Publication date, Time, Description (все эти обязательные поля заполнены), переключатель Active/Not active, SAVE, CANCELL
- Переключатель Active/Not active находится в положении Active и подсвечиваетя
-Текст рядом с кнопкой изменися на Not active, изменился цвет кнопки и подсветка - кнопка не подсвечивается
-Текст рядом с кнопкой изменися на Active, изменился цвет кнопки и подсветка - кнопка подсвечивается",да,Покрыт ручным тестом.  Может быть автоматизирован,,
6-NCPENA-2,"Отображение отредактированной новости на странице просмотра  новостей News, если кнопка переключения в положении Active",,Высокий,"- Полльзователь авторизован в приложении
- На основном экране открыта страница Creating News
- Страница содержит поля Category, Title, Publication date, Time, Description, SAVE, CANCEL, кнопку переключения Active","- Кликнуть по полю Category, в выпадающем списке выбрать категорию новости, например Объявление
- Поле Title заполнить 1-60 знакаками на кириллице, кликнуть Ok
- Кликнуть по полю Publication date, в открывшемся календаре выбрать текущую дату, подтвердить выбор кликнув Ok
-  Кликнуть по полю Time, в открывшемся Time Picker (Таймпикер) выбрать текущее время, подтвердить выбор, кликнув Ok
- Заполнить поле Description 1-2500 символами на кириллице
- Убкдится, что кнопка переключения находится в положении Active
- Кликнуть по кнопке SAVE
- на открывшейся странице Control Panel в верхней панели приложения кликнуть по иконке  с тремя полосками
- в раскрывшемся списке выбрать News
- на открывшейся странице News со списком новостей отображается панель со значком категории и  заголовком созданной новости
-кликнуть по панели с созданной новостью","- Открылся выпадающий список, видны категории: Объявления, День рождения, Зарплата, Профсоюз, Праздник, Массаж, Благодарность, Нужна помощь
- Поле Category принимает значеник выбранной категории (Объявление)
- Поле Title принимает значение
- Поле Publication date принимает значение
- Поле Time принимает значение
- Поле Description принимает значение
- Кнопка переключения находится в положении Active, кнопка подсвечивается
- Происходит переход на страницу Creating News
- Раскрывается выпадающий список Main, News, About
- Произошел переход на страницу News, отображаются панели со значками категории, заголовками и датами новостей, отображается панель созданной новости, категория, заголовок и дата публикации новости отображаются верно
- Открывается текст созданной новости для чтения, текст  отображается верно","- Открылся выпадающий список, видны категории: Объявления, День рождения, Зарплата, Профсоюз, Праздник, Массаж, Благодарность, Нужна помощь
- Поле Category принимает значеник выбранной категории (Объявление)
- Поле Title принимает значение
- Поле Publication date принимает значение
- Поле Time принимает значение
- Поле Description принимает значение
- Кнопка переключения находится в положении Active
- Происходит переход на страницу Creating News
- Раскрывается выпадающий список Main, News, About
- Произошел переход на страницу News, отображаются панели со значками категории, заголовками и датами новостей, отображается панель созданной новости, категория, заголовок и дата публикации новости отображаются верно
- Открывается текст созданной новости для чтения, текст  отображается верно",да,Покрыт ручным тестом.  Может быть автоматизирован,,
6-NCPENA-3,"Отсутствие отображения отредактированной новости на странице просмотра  новостей News, если кнопка переключения в положении Not active",,Высокий,"- Полльзователь авторизован в приложении
- На основном экране открыта страница Creating News
- Страница содержит поля Category, Title, Publication date, Time, Description, SAVE, CANCEL, кнопку переключения Active","- Кликнуть по полю Category, в выпадающем списке выбрать категорию новости, например Объявление
- Поле Title заполнить 1-60 знакаками на кириллице, кликнуть Ok
- Кликнуть по полю Publication date, в открывшемся календаре выбрать текущую дату, подтвердить выбор кликнув Ok
-  Кликнуть по полю Time, в открывшемся Time Picker (Таймпикер) выбрать текущее время, подтвердить выбор, кликнув Ok
- Заполнить поле Description 1-2500 символами на кириллице
- Убкдится, что кнопка переключения находится в положении Active
- Переключить кнопку в положение Not active
- Кликнуть по кнопке SAVE
- на открывшейся странице Control Panel в верхней панели приложения кликнуть по иконке  с тремя полосками
- в раскрывшемся списке выбрать News
","- Открылся выпадающий список, видны категории: Объявления, День рождения, Зарплата, Профсоюз, Праздник, Массаж, Благодарность, Нужна помощь
- Поле Category принимает значеник выбранной категории (Объявление)
- Поле Title принимает значение
- Поле Publication date принимает значение
- Поле Time принимает значение
- Поле Description принимает значение
- Кнопка переключения находится в положении Active
- Отображаетя текст Not acteve рядом с кнопкой, кнопка не подсвечивается
- Происходит переход на страницу Creating News 
- Раскрывается выпадающий список Main, News, About
- Произошел переход на страницу News, созданная новость не отображается
","- Открылся выпадающий список, видны категории: Объявления, День рождения, Зарплата, Профсоюз, Праздник, Массаж, Благодарность, Нужна помощь
- Поле Category принимает значеник выбранной категории (Объявление)
- Поле Title принимает значение
- Поле Publication date принимает значение
- Поле Time принимает значение
- Поле Description принимает значение
- Кнопка переключения находится в положении Active
- Отображаетя текст Not acteve рядом с кнопкой, кнопка не подсвечивается
- Происходит переход на страницу Creating News 
- Раскрывается выпадающий список Main, News, About
- Произошел переход на страницу News, созданная новость не отображается",да,Покрыт ручным тестом.  Может быть автоматизирован,,
6-NCPENA-4,"Возвращение отображения новости на страницу просмотра  новостей News, при переключении кнопки из положения Not active в положение Active",,Высокий,"- Полльзователь авторизован в приложении
- На основном экране открыта страница Creating News
- Страница содержит поля Category, Title, Publication date, Time, Description, SAVE, CANCEL, кнопку переключения Active","- Кликнуть по полю Category, в выпадающем списке выбрать категорию новости, например Объявление
- Поле Title заполнить 1-60 знакаками на кириллице, кликнуть Ok
- Кликнуть по полю Publication date, в открывшемся календаре выбрать текущую дату, подтвердить выбор кликнув Ok
-  Кликнуть по полю Time, в открывшемся Time Picker (Таймпикер) выбрать текущее время, подтвердить выбор, кликнув Ok
- Заполнить поле Description 1-2500 символами на кириллице
- Убкдится, что кнопка переключения находится в положении Active
- Кликнуть по кнопке SAVE
- на открывшейся странице Control Panel в верхней панели приложения кликнуть по иконке  с тремя полосками
- в раскрывшемся списке выбрать News
- на открывшейся странице News со списком новостей отображается панель со значком категории и  заголовком созданной новости
-кликнуть по панели с созданной новостью
- кликнуть иконку редактирования новости
- в открывшейся форме Editing News переключить кнопку в положение Not active
- кликнуть SAVE
- на открывшейся странице Control Panel в верхней панели приложения кликнуть по иконке  с тремя полосками
- в раскрывшемся списке выбрать News, убедится, что новость не отображается
- кликнуть иконку редактирования новости
- в открывшейся форме Editing News переключить кнопку в положение Active
- кликнуть SAVE
- на открывшейся странице Control Panel в верхней панели приложения кликнуть по иконке  с тремя полосками
- в раскрывшемся списке выбрать News
- на открывшейся странице News со списком новостей отображается панель со значком категории и  заголовком созданной новости
-кликнуть по панели с созданной новостью","- Открылся выпадающий список, видны категории: Объявления, День рождения, Зарплата, Профсоюз, Праздник, Массаж, Благодарность, Нужна помощь
- Поле Category принимает значеник выбранной категории (Объявление)
- Поле Title принимает значение
- Поле Publication date принимает значение
- Поле Time принимает значение
- Поле Description принимает значение
- Кнопка переключения находится в положении Active, кнопка подсвечивается
- Происходит переход на страницу Creating News
- Раскрывается выпадающий список Main, News, About
- Произошел переход на страницу News, отображаются панели со значками категории, заголовками и датами новостей, отображается панель созданной новости, категория, заголовок и дата публикации новости отображаются верно
- Открывается текст созданной новости для чтения, текст  отображается верно
- Открылась форма Editing news, все поля заполнены валидными значениями
- Кнопка перешла в положение Not active, не подсвечивается
- Происходит переход на страницу Creating News 
- Раскрывается выпадающий список Main, News, About
- Произошел переход на страницу News, созданная новость не отображается
- Переход на страницу Creating News, видна панель с редактируемой новостью
- Переход в форму Editing News
- Кнопка переведена в положение Active, подсвечивается
-  Происходит переход на страницу Creating News
- Раскрывается выпадающий список Main, News, About
- Произошел переход на страницу News, отображаются панели со значками категории, заголовками и датами новостей, отображается панель созданной новости, категория, заголовок и дата публикации новости отображаются верно
- Открывается текст созданной новости для чтения, текст  отображается верно","- Открылся выпадающий список, видны категории: Объявления, День рождения, Зарплата, Профсоюз, Праздник, Массаж, Благодарность, Нужна помощь
- Поле Category принимает значеник выбранной категории (Объявление)
- Поле Title принимает значение
- Поле Publication date принимает значение
- Поле Time принимает значение
- Поле Description принимает значение
- Кнопка переключения находится в положении Active, кнопка подсвечивается
- Происходит переход на страницу Creating News
- Раскрывается выпадающий список Main, News, About
- Произошел переход на страницу News, отображаются панели со значками категории, заголовками и датами новостей, отображается панель созданной новости, категория, заголовок и дата публикации новости отображаются верно
- Открывается текст созданной новости для чтения, текст  отображается верно
- Открылась форма Editing news, все поля заполнены валидными значениями
- Кнопка перешла в положение Not active, не подсвечивается
- Происходит переход на страницу Creating News 
- Раскрывается выпадающий список Main, News, About
- Произошел переход на страницу News, созданная новость не отображается
- Переход на страницу Creating News, видна панель с редактируемой новостью
- Переход в форму Editing News
- Кнопка переведена в положение Active, подсвечивается
- - Происходит переход на страницу Creating News
- Раскрывается выпадающий список Main, News, About
- Произошел переход на страницу News, отображаются панели со значками категории, заголовками и датами новостей, отображается панель созданной новости, категория, заголовок и дата публикации новости отображаются верно
- Открывается текст созданной новости для чтения, текст  отображается верно",да,Покрыт ручным тестом.  Может быть автоматизирован,,
CANCEL при редактировании новостей в Editing news,,,,,,,,,,,
6-NCPENC-1,Работа кнопки CANCEL в форме Editing News,Переход к диалоговому окну,Высокий,"- Полльзователь авторизован в приложении
- На основном экране открыта страница Creating News
- Страница содержит поля Category, Title, Publication date, Time, Description, SAVE, CANCEL, кнопку переключения Active

- Существующая новость открыта в в режиме редактирования в форме Editing News
- Все поля обязательные поля заполнены валидными значениями","- в форме Editing News кликнуть кнопку Cancell
","- открывается диалоговое окно: The changes won't be saved? do you really want to log out?
- видны две кнопки выбора CANCEL и OK","- открывается диалоговое окно: The changes won't be saved? do you really want to log out?
- видны две кнопки выбора CANCEL и OK",да,Покрыт ручным тестом.  Может быть автоматизирован,,
6-NCPENC-2,"Работа кнопки CANCEL  в диалоговом окне при редактировании новости, все поля заполнены валидными значениями, изменения не вносятся","Возвращение в форму Editing News, значения в раннее заполненных полях не изменяются",Высокий,"- Полльзователь авторизован в приложении
- На основном экране открыта страница Creating News
- Страница содержит поля Category, Title, Publication date, Time, Description, SAVE, CANCEL, кнопку переключения Active

- Существующая новость открыта в в режиме редактирования в форме Editing News
- Все поля обязательные поля заполнены валидными значениями","- в форме Editing News кликнуть кнопку Cancell
- в открывшемя диалоговом окне  The changes won't be saved? do you really want to log out? кликнуть кнопку CANCEL
","- открывается диалоговое окно: The changes won't be saved? do you really want to log out?
- видны две кнопки выбора CANCEL и OK
- возвращение в форму Editing News, значения в раннее заполненных полях не изменяется","- открывается диалоговое окно: The changes won't be saved? do you really want to log out?
- видны две кнопки выбора CANCEL и OK
- возвращение в форму Editing News, значения в раннее заполненных полях не изменяется",да,Покрыт ручным тестом.  Может быть автоматизирован,,
6-NCPENC-3,"Работа кнопки CANCEL  в диалоговом окне при редактировании новости, все поля заполнены валидными значениями, вносятся изменения во все поля","Возвращение в форму Editing News, значения в раннее заполненных полях не изменяются",ВЫсокий,"- Полльзователь авторизован в приложении
- На основном экране открыта страница Creating News
- Страница содержит поля Category, Title, Publication date, Time, Description, SAVE, CANCEL, кнопку переключения Active

- Существующая новость открыта в в режиме редактирования в форме Editing News
- Все поля обязательные поля заполнены валидными значениями","- в форме Editing News внести изменнения во все обязательные поля
- в форме Editing News кликнуть кнопку Cancell
- в открывшемя диалоговом окне  The changes won't be saved? do you really want to log out? кликнуть кнопку CANCEL

","- поля принимают изменения
- открывается диалоговое окно: The changes won't be saved? do you really want to log out?
- видны две кнопки выбора CANCEL и OK
- возвращение в форму Editing News, внесённые изменения не сохраняются","- поля принимают изменения
- открывается диалоговое окно: The changes won't be saved? do you really want to log out?
- видны две кнопки выбора CANCEL и OK
- возвращение в форму Editing News, внесённые изменения не сохраняются",,Покрыт ручным тестом.  Может быть автоматизирован,,
6-NCPENC-4,"Работа кнопки OK  в диалоговом окне при редактировании новостей, все поля заполнены валидными значениями, изменения не вносятся","Переход на страницу Control panel, новость отображается без изменений",Высокий,"- Полльзователь авторизован в приложении
- На основном экране открыта страница Creating News
- Страница содержит поля Category, Title, Publication date, Time, Description, SAVE, CANCEL, кнопку переключения Active

- Существующая новость открыта в в режиме редактирования в форме Editing News
- Все поля обязательные поля заполнены валидными значениями","- в форме Editing News кликнуть кнопку Cancell
- в открывшемя диалоговом окне  The changes won't be saved? do you really want to log out? кликнуть кнопку OK","- открывается диалоговое окно: The changes won't be saved? do you really want to log out?
- видны две кнопки выбора CANCEL и OK
- переход на страницу Control panel
- в списке новостей отображается панель новости без изменений","- открывается диалоговое окно: The changes won't be saved? do you really want to log out?
- видны две кнопки выбора CANCEL и OK
- переход на страницу Control panel
- в списке новостей отображается панель новости без изменений",да,Покрыт ручным тестом.  Может быть автоматизирован,,
6-NCPENC-5,"Работа кнопки OK  в диалоговом окне при редактировании новостей, все поля заполнены валидными значениями,  в процессе редактирования внесены изменения в каждое поле","Переход на страницу Control panel, новость отображается без изменений",Высокий,"- Полльзователь авторизован в приложении
- На основном экране открыта страница Creating News
- Страница содержит поля Category, Title, Publication date, Time, Description, SAVE, CANCEL, кнопку переключения Active

- Существующая новость открыта в в режиме редактирования в форме Editing News
- Все поля обязательные поля заполнены валидными значениями","- в форме Editing News внести изменнения во все обязательные поля
- в форме Editing News кликнуть кнопку Cancell
- в открывшемя диалоговом окне  The changes won't be saved? do you really want to log out? кликнуть кнопку OK","- открывается диалоговое окно: The changes won't be saved? do you really want to log out?
- видны две кнопки выбора CANCEL и OK
- переход на страницу Control panel
- в списке новостей отображается панель новости, внесённые изменения не сохраняются","- открывается диалоговое окно: The changes won't be saved? do you really want to log out?
- видны две кнопки выбора CANCEL и OK
- переход на страницу Control panel
- в списке новостей отображается панель новости, внесённые изменения не сохраняются",да,Покрыт ручным тестом.  Может быть автоматизирован,,
7-NND (News News Delation) Удаление новостей,,,,,,,,,,,
7-NND-1,Удаление новости со страницы Control panel,Для удаления новости - кликнуть значок Корзинв в карточке новости,Высокий,"- Полльзователь авторизован в приложении
- На основном экране открыта страница Creating News
- Страница содержит поля Category, Title, Publication date, Time, Description, SAVE, CANCEL, кнопку переключения Active


","- Кликнуть по полю Category, в выпадающем списке выбрать категорию новости, например Объявление
- Поле Title заполнить 1-60 знакаками на кириллице, кликнуть Ok
- Кликнуть по полю Publication date, в открывшемся календаре выбрать текущую дату, подтвердить выбор кликнув Ok
-  Кликнуть по полю Time, в открывшемся Time Picker (Таймпикер) выбрать текущее время, подтвердить выбор, кликнув Ok
- Заполнить поле Description 1-2500 символами на кириллице
- Кликнуть по кнопке SAVE
- На открывшейся странице Control panel  в панели созданной новости кликнуть значок Корзина 
- В открывшемся диалоговом окне выбрать Ок","- Открылся выпадающий список, видны категории: Объявления, День рождения, Зарплата, Профсоюз, Праздник, Массаж, Благодарность, Нужна помощь
- Поле Category принимает значеник выбранной категории (Объявление)
- Поле Title принимает значение
- Поле Publication date принимает значение
- Поле Time принимает значение
- Поле Description принимает значение
- В списке новостей отображается созданная новость. Значок категории, заголовок, дата публикации отображаются верно. В нижней части панели отображается иконка Корзина
- Открывается диалоговое окно ""Are you shure you want to permanently delete the document?These changes cannot be reversed in the future.""  и две кнопки  выбора действия: CANCEL и Ok
- Произошел переход на страницу Control panel
- Удалёная новость не отображается на странице Control panel
","- Открылся выпадающий список, видны категории: Объявления, День рождения, Зарплата, Профсоюз, Праздник, Массаж, Благодарность, Нужна помощь
- Поле Category принимает значеник выбранной категории (Объявление)
- Поле Title принимает значение
- Поле Publication date принимает значение
- Поле Time принимает значение
- Поле Description принимает значение
- В списке новостей отображается созданная новость. Значок категории, заголовок, дата публикации отображаются верно. В нижней части панели отображается иконка Корзина
- Открывается диалоговое окно ""Are you shure you want to permanently delete the document?These changes cannot be reversed in the future.""  и две кнопки  выбора действия: CANCEL и Ok
- Произошел переход на страницу Control panel
- Удалёная новость не отображается на странице Control panel",да,Покрыт ручным тестом.  Может быть автоматизирован,,
7-NND-2,Удаление новости  со страницы News,После удаления со страницы Control panel (созданиеи редактирование) новость не отображается на странице News (чтение),Высокий,"- Полльзователь авторизован в приложении
- На основном экране открыта страница Creating News
- Страница содержит поля Category, Title, Publication date, Time, Description, SAVE, CANCEL, кнопку переключения Active","- Кликнуть по полю Category, в выпадающем списке выбрать категорию новости, например Объявление
- Поле Title заполнить 1-60 знакаками на кириллице, кликнуть Ok
- Кликнуть по полю Publication date, в открывшемся календаре выбрать текущую дату, подтвердить выбор кликнув Ok
-  Кликнуть по полю Time, в открывшемся Time Picker (Таймпикер) выбрать текущее время, подтвердить выбор, кликнув Ok
- Заполнить поле Description 1-2500 символами на кириллице
- Кликнуть по кнопке SAVE
- На открывшейся странице Control panel  в панели созданной новости кликнуть значок Корзина 
- В открывшемся диалоговом окне выбрать Ок
- на открывшейся странице Control Panel в верхней панели приложения кликнуть по иконке  с тремя полосками
- в раскрывшемся списке выбрать News
","- Открылся выпадающий список, видны категории: Объявления, День рождения, Зарплата, Профсоюз, Праздник, Массаж, Благодарность, Нужна помощь
- Поле Category принимает значеник выбранной категории (Объявление)
- Поле Title принимает значение
- Поле Publication date принимает значение
- Поле Time принимает значение
- Поле Description принимает значение
- В списке новостей отображается созданная новость. Значок категории, заголовок, дата публикации отображаются верно. В нижней части панели отображается иконка Корзина
- Открывается диалоговое окно ""Are you shure you want to permanently delete the document?These changes cannot be reversed in the future.""  и две кнопки  выбора действия: CANCEL и Ok
- Произошел переход на страницу Control panel, удалёная новость не отображается
- Открывается выпадающий список Main, News, About
- Произошел переход на страницу News
- Удалённая новость не отображается на странице  News

","- Открылся выпадающий список, видны категории: Объявления, День рождения, Зарплата, Профсоюз, Праздник, Массаж, Благодарность, Нужна помощь
- Поле Category принимает значеник выбранной категории (Объявление)
- Поле Title принимает значение
- Поле Publication date принимает значение
- Поле Time принимает значение
- Поле Description принимает значение
- В списке новостей отображается созданная новость. Значок категории, заголовок, дата публикации отображаются верно. В нижней части панели отображается иконка Корзина
- Открывается диалоговое окно ""Are you shure you want to permanently delete the document?These changes cannot be reversed in the future.""  и две кнопки  выбора действия: CANCEL и Ok
- Произошел переход на страницу Control panel, удалёная новость не отображается
- Открывается выпадающий список Main, News, About
- Произошел переход на страницу News
- Удалённая новость не отображается на странице  News",да,Покрыт ручным тестом.  Может быть автоматизирован,,
8-CPS (Control panel Sort) Сортировка  новостей на странице Control panel,,,,,,,,,,,
8-CPS-1,Работа кнопки сортировки при наличае двух и более новостей с разными датами,Сортировка новостей может идти от более поздней даты создания к более ранней и наоборот - от более ранней к более поздней,Высокий,"- Полльзователь авторизован в приложении
- Открыта страница   Control panel на основном экране
- Видна панель управления страницы  Control panel
- Новости расположены от более новых (по дате создания) к более старым (по дате создания)
","1. Кликнуть по кнопке сортировки новостей (стрелки вверх/вниз)  в панели управления страницы Control panel
2. Повторно кликнуть по кнопке сортировки новостей (стрелки вверх/вниз)  в панели управления страницы Control panel","1. Новости расположены от более старых (по дате создания) к более новым (по дате создания)
2. Новости расположены от более новых (по дате создания) к более старым (по дате создания","1. Новости расположены от более старых (по дате создания) к более новым (по дате создания)
2. Новости расположены от более новых (по дате создания) к более старым (по дате создания",да,Покрыт ручным тестом.  Может быть автоматизирован,,
8-CPS-2,,,,,,,,,,,
"9-CPFN (Control panel Filter News)  фильтрация новостей на странице Control panel, форма Filter News",,,,,,,,,,,
9-CPFN-1,Переход на страницу фильтрации новостей Filter news из панели управления страницы Control panel,Переход на страницу Filter news,Высокий,"- Полльзователь авторизован в приложении
- Открыта страница Control panel на основном экране
- Видна панель управления страницы Control panel",-  Кликнуть по кнопке фильтрации новостей в панели управления страницы Control panel (три горизонтальные полоски с кружками),"- Открывается форма Filter news. Отображаеттся панель Category, поле выбора начальной даты, поле выбора конечной даты, кнопка FILTER, кнопка Cancel ","- Открывается форма Filter news. Отображаеттся панель Category, поле выбора начальной даты, поле выбора конечной даты, кнопка FILTER, кнопка Cancel ",да,Покрыт ручным тестом.  Может быть автоматизирован,,
9-CPFN-2,"Фильтрация новостей по категории без выбора начальной и конечной даты в Control panel,  чек боксы Active и Not active отмечены","Выбирается только категория новости (Объявления, День рождения, Зарплата, Профсоюз, Праздник, Массаж, Благодарность, Нужна помощь)",Высокий,"- Полльзователь авторизован в приложении
- Открыта страница Control panel на основном экране
- Видна панель управления страницы Control panel","-  Кликнуть по кнопке фильтрации новостей в панели управления страницы Control panel (три горизонтальные полоски с кружками)
-  Кликнуть по полю Category
-  В раскрывшемся списке выбрать одну из категорий (пусть это будет Праздник)
- Поле начальной даты оставитm пустым
- Поле конечной даты оставить пустым
- чек бокс Active отмечен по умолчанию
- чек бокс Not active отмечен по умолчанию
- Кликнуть по кнопке FILTER","- Открывается форма Filter news. Отображаеттся панель Category, поле выбора начальной даты, поле выбора конечной даты, кнопка FILTER, кнопка Cancel 
- поле Category принимает значение
- поле начальной даты остаётся без даты
- поле конечной даты остается без даты
- чек бокс Active отмечен 
- чек бокс Not active отмечен 
- Отображается список новстей выбранной категории (например Праздник), если есть новости в выбранной категории. Если новостей в выбранной категории нет, появляется сообщение: There is nothing here yet... и кнопка REFRESH","- Открывается форма Filter news. Отображаеттся панель Category, поле выбора начальной даты, поле выбора конечной даты, кнопка FILTER, кнопка Cancel 
- поле Category принимает значение
- поле начальной даты остаётся без даты
- поле конечной даты остается без даты
- чек бокс Active отмечен 
- чек бокс Not active отмечен 
- Отображается список новстей выбранной категории (например Праздник), если есть новости в выбранной категории. Если новостей в выбранной категории нет, появляется сообщение: There is nothing here yet... и кнопка REFRESH",да,Покрыт ручным тестом.  Может быть автоматизирован,,
9-CPFN-3,"Фильтрация новостей по категории c выбором начальной и конечной даты публикации в Control panel,  чек боксы Active и Not active отмечены","Выбирается категория новости, начальная и конечная даты публикации",Высокий,"- Полльзователь авторизован в приложении
- Открыта страница Control panel на основном экране
- Видна панель управления страницы Control panel","-  Кликнуть по кнопке фильтрации новостей в панели управления страницы Control panel (три горизонтальные полоски с кружками)
-  Кликнуть по полю Category
-  В раскрывшемся списке выбрать одну из категорий (пусть это будет Праздник)
- Кликнуть по полю началной даты, в раскрывшемся календаре выбрать  дату
- Кликнуть по полю конечной даты, в раскрывшемся календаре выбрать дату
- чек бокс Active отмечен по умолчанию
- чек бокс Not active отмечен по умолчанию
- Кликнуть по кнопке FILTER","- Открывается форма Filter news. Отображаеттся панель Category, поле выбора начальной даты, поле выбора конечной даты, кнопка FILTER, кнопка Cancel 
- поле Category принимает значение
- поле начальной даты принимает значение
- поле конечной даты принимает значение
- чек бокс Active отмечен
- чек бокс Not active отмечен 
- Отображается список новстей  если есть новости в выбранной категории и выбранном диапазоне дат. Если соответствующих новостей нет, появляется сообщение: There is nothing here yet... и кнопка REFRESH","- Открывается форма Filter news. Отображаеттся панель Category, поле выбора начальной даты, поле выбора конечной даты, кнопка FILTER, кнопка Cancel 
- поле Category принимает значение
- поле начальной даты принимает значение
- поле конечной даты принимает значение
- чек бокс Active отмечен
- чек бокс Not active отмечен 
- Отображается список новстей, если есть новости в выбранной категории и выбранном диапазоне дат. Если соответствующих новостей нет, появляется сообщение: There is nothing here yet... и кнопка REFRESH",да,Покрыт ручным тестом.  Может быть автоматизирован,,
9-CPFN-4,"Фильтрация новостей по категории c выбором только начальной  даты публикации в Control pane,  чек боксы Active и Njt active отмеченыl","Выбирается категория новости, только начальная  дата публикации",Средний,"- Полльзователь авторизован в приложении
- Открыта страница Control panel на основном экране
- Видна панель управления страницы Control panel","-  Кликнуть по кнопке фильтрации новостей в панели управления страницы Control panel (три горизонтальные полоски с кружками)
-  Кликнуть по полю Category
-  В раскрывшемся списке выбрать одну из категорий (пусть это будет Праздник)
- Кликнуть по полю началной даты, в раскрывшемся календаре выбрать  дату
- В поле конечной даты ничего не выбирается
- чек бокс Active отмечен по умолчанию
- чек бокс Not active отмечен по умолчанию
- Кликнуть по кнопке FILTER
","- Открывается форма Filter news. Отображаеттся панель Category, поле выбора начальной даты, поле выбора конечной даты, кнопка FILTER, кнопка Cancel 
- поле Category принимает значение
- поле начальной даты принимает значение
- поле конечной даты остаёётся без даты
- чек бокс Active отмечен
- чек бокс Not active отмечен 
- появляется сообщение Wrong period
","- Открывается форма Filter news. Отображаеттся панель Category, поле выбора начальной даты, поле выбора конечной даты, кнопка FILTER, кнопка Cancel 
- поле Category принимает значение
- поле начальной даты принимает значение
- поле конечной даты остаёётся без даты
- чек бокс Active отмечен
- чек бокс Not active отмечен 
- появляется сообщение Wrong period",да,Покрыт ручным тестом.  Может быть автоматизирован,,
9-CPFN-5,"Фильтрация новостей по категории c выбором только конечной даты публикации в Control pane, чек боксы Active и Nojt active отмечены","Выбирается категория новости, только конечная дата публикации",Средний,"- Полльзователь авторизован в приложении
- Открыта страница Control panel на основном экране
- Видна панель управления страницы Control panel","-  Кликнуть по кнопке фильтрации новостей в панели управления страницы Control panel (три горизонтальные полоски с кружками)
-  Кликнуть по полю Category
-  В раскрывшемся списке выбрать одну из категорий (пусть это будет Праздник)
- В поле началной даты ничего не выбирается
- Кликнуть по полю конечной даты, в раскрывшемся календаре выбрать дату
- чек бокс Active отмечен по умолчанию
- чек бокс Not active отмечен по умолчанию
- Кликнуть по кнопке FILTER
","- Открывается форма Filter news. Отображаеттся панель Category, поле выбора начальной даты, поле выбора конечной даты, кнопка FILTER, кнопка Cancel 
- поле Category принимает значение
- поле начальной даты остается без даты
- поле конечной даты принимает значение
- чек бокс Active отмечен
- чек бокс Not active отмечен 
- появляется сообщение Wrong period с кнопrой подтверждения OK

","- Открывается форма Filter news. Отображаеттся панель Category, поле выбора начальной даты, поле выбора конечной даты, кнопка FILTER, кнопка Cancel 
- поле Category принимает значение
- поле начальной даты остается без даты
- поле конечной даты принимает значение
- чек бокс Active отмечен
- чек бокс Not active отмечен 
- появляется сообщение Wrong period c кнопrой подтверждения OK",да,Покрыт ручным тестом.  Может быть автоматизирован,,
10-L Цитаты Love is all,,,,,,,,,,,
10-L-1,Открытие списка цитат на странице Love is all,,Высокий,"- Полльзователь авторизован в приложении
- Открыта страница Main на основном экране
- Видна верхняя панель управления страницы 
- В приложении есть загруженные цитаты (хотя бы одна)","- Кликнуть иконку Бабочка в верхней панели приложения
",- На главном экране приложения отображается набор раскрывающихся панелей с заголовками цитат,- На главном экране приложения отображается набор раскрывающихся панелей с заголовками цитат,да,Покрыт ручным тестом.  Может быть автоматизирован,,
10-L-2,Открытие полного текста  цитаты на странице Love is al при клике по панели сзаголовком цитатыl,,Высокий,"- Полльзователь авторизован в приложении
- Открыта страница Main на основном экране
- Видна верхняя панель управления страницы
- В приложении есть загруженные цитаты (хотя бы одна) ","- Кликнуть иконку Бабочка в верхней панели приложения
- В раскрывшемя наборе панелнй кликнуть по панели с заголовком цитаты
","- На главном экране приложения отображается набор раскрывающихся панелей с заголовками цитат
- Открывается текст цитаты для чтения","- На главном экране приложения отображается набор раскрывающихся панелей с заголовками цитат
- Открывается текст цитаты для чтения",да,Покрыт ручным тестом.  Может быть автоматизирован,,
10-L-3,Закрытие полного текста  цитаты на странице Love is al при повторном клике по панели сзаголовком цитаты,,Средний,"- Полльзователь авторизован в приложении
- Открыта страница Main на основном экране
- Видна верхняя панель управления страницы
- В приложении есть загруженные цитаты (хотя бы одна) ","- Кликнуть иконку Бабочка в верхней панели приложения
- В раскрывшемя наборе панелей кликнуть по карточке с заголовком цитаты
- Повторно кликнуть по карточке с цитатойй (с раскрывшимся текстом цитаты)","- На главном экране приложения отображается набор раскрывающихся панелей с заголовками цитат
- Открывается текст цитаты для чтения
-  Карточка возвращается в исходное свёрнутое состояние (виден только заголовок)","- На главном экране приложения отображается набор раскрывающихся панелей с заголовками цитат
- Открывается текст цитаты для чтения
-  Карточка возвращается в исходное свёрнутое состояние (виден только заголовок)",да,Покрыт ручным тестом.  Может быть автоматизирован,,
10-L-4,Возвращение на предыдущую открытую траницу со страницы Lowe is all  при повторном клике на иконку Бабочка в верхней панели приложения,,Высокий,"- Полльзователь авторизован в приложении
- Открыта страница Main на основном экране
- Видна верхняя панель управления страницы 
- В приложении есть загруженные цитаты (хотя бы одна)","- Кликнуть иконку Бабочка в верхней панели приложения
- Повторно кликнуть иконку Бабочка в верхней панели приложения","- На главном экране приложения отображается набор раскрывающихся панелей с заголовками цитат
- Переход на предыдущую открытую страницу (Main)","- На главном экране приложения отображается набор раскрывающихся панелей с заголовками цитат
- Нет перехода на предыдущую открытую страницу (Main)
 На главном экране приложения отображается набор раскрывающихся панелей с заголовками цитат",нет,Покрыт ручным тестом.  Может быть автоматизирован,,
10-L-5,Переход со страницы Love is all  на предыдущую открытую страницу Swipe right,,Средний,"- Полльзователь авторизован в приложении
- Открыта страница Main на основном экране
- Видна верхняя панель управления страницы 
- В приложении есть загруженные цитаты (хотя бы одна)
",-  Выполнить жест «смахивание вправо» (от левого края экрана к правому или просто по экрану ,"- Приложение возвращается на тот экран, который был открыт до раздела цитат (например, на главный экран новостей).
- Раздел цитат закрывается","- Приложение возвращается на тот экран, который был открыт до раздела цитат (например, на главный экран новостей).
- Раздел цитат закрывается",да,Покрыт ручным тестом.  Может быть автоматизирован,,
10-L-6,Переход со страницы Love is на предыдущую открытую страницу Swipe left,,Средний,"- Полльзователь авторизован в приложении
- Открыта страница Main на основном экране
- Видна верхняя панель управления страницы 
- В приложении есть загруженные цитаты (хотя бы одна)
", - Выполнить жест «смахивание влево» по любой карточке цитаты или по пустой области экрана,"- Приложение не падает, не зависает.
-  Не происходит необратимых действий (например, удаления) без диалога подтверждения.
- Жест либо игнорируется, либо выполняет задокументированное действие.","- Приложение возвращается на тот экран, который был открыт до раздела цитат (например, на главный экран новостей).
- Раздел цитат закрывается","? Нет требований, какой должен быть ожидаемый результат можно только предположить",,,
10-L-7,Переход со страницы Love is all на страницу Main через панель управления (иконку с тремя полосками),,Высокий,"- Полльзователь авторизован в приложении
- Открыта страница Main на основном экране
- Видна верхняя панель управления страницы 
- В приложении есть загруженные цитаты (хотя бы одна)
","- Кликнуть иконку Бабочка в верхней панели приложения
- В верхней панели приложения кликнуть иконку с тремя пполосками 
- В раскрывшемся списке выбрать Main","- На главном экране приложения отображается набор раскрывающихся панелей с заголовками цита
- Страница цитат закрывается
- Открывается  страница Main","- На главном экране приложения отображается набор раскрывающихся панелей с заголовками цита
- Страница цитат закрывается
- Открывается  страница Main",да,,,